Book Id,Title,Author,Author l-f,Additional Authors,ISBN,ISBN13,My Rating,Average Rating,Publisher,Binding,Number of Pages,Year Published,Original Publication Year,Date Read,Date Added,Bookshelves,Bookshelves with positions,Exclusive Shelf,My Review,Spoiler,Private Notes,Read Count,Owned Copies
6480781,Open,Andre Agassi,"Agassi, Andre","J.R. Moehringer, Андре Агаси","=""0307268195""","=""9780307268198""",4,4.32,Knopf,Hardcover,388,2009,2009,2026/03/18,2026/03/18,,,read,,,,1,0
16884,The Making of the Atomic Bomb,Richard Rhodes,"Rhodes, Richard",,"=""0684813785""","=""9780684813783""",0,4.40,Simon & Schuster,Paperback,886,1995,1986,,2026/03/07,to-read,to-read (#327),to-read,,,,0,0
4772110,Nocturnes: Five Stories of Music and Nightfall,Kazuo Ishiguro,"Ishiguro, Kazuo",,"=""0307397874""","=""9780307397874""",3,3.51,Knopf Canada,Hardcover,221,2009,2009,2026/03/01,2025/02/24,,,read,,,,1,0
43211952,Haben: The Deafblind Woman Who Conquered Harvard Law,Haben Girma,"Girma, Haben",,"=""1478992816""","=""9781478992813""",0,4.19,Twelve,Audible Audio,288,2019,2019,,2026/02/25,to-read,to-read (#326),to-read,,,,0,0
25814544,Sprint: How to Solve Big Problems and Test New Ideas in Just Five Days,Jake Knapp,"Knapp, Jake","John Zeratsky, Braden Kowitz","=""""","=""9781501121746""",0,4.18,Simon & Schuster,Hardcover,274,2016,2016,2023/01/25,2023/01/25,"ux, retired","ux (#18), retired (#1)",read,,,,1,0
13436116,Lean UX: Applying Lean Principles to Improve User Experience,Jeff Gothelf,"Gothelf, Jeff",Josh Seiden,"=""1449311652""","=""9781449311650""",4,3.99,O'Reilly Media,Hardcover,148,2013,2012,2023/01/01,2022/03/31,ux,ux (#9),read,,,,1,0
24861842,The Food Lab: Better Home Cooking Through Science,J. Kenji López-Alt,"López-Alt, J. Kenji",,"=""0393081087""","=""9780393081084""",5,4.32,Norton,Hardcover,958,2015,2015,2023/02/11,2021/12/06,,,read,,,,1,0
469571,"All the Pretty Horses (The Border Trilogy, #1)",Cormac McCarthy,"McCarthy, Cormac",,"=""0679744398""","=""9780679744399""",4,4.06,Vintage,Paperback,302,1993,1992,2022/07/08,2022/06/22,,,read,,,,1,0
57423429,1000 Years of Joys and Sorrows: A Memoir,Weiwei Ai,"Ai, Weiwei",,"=""0553419463""","=""9780553419467""",4,4.23,Crown Publishing Group,Hardcover,400,2021,2021,2022/02/20,2022/02/16,,,read,,,,1,0
57933306,Stolen Focus: Why You Can't Pay Attention— and How to Think Deeply Again,Johann Hari,"Hari, Johann",,"=""0593138511""","=""9780593138519""",3,4.22,Crown,Hardcover,357,2022,2022,2022/01/01,2022/04/24,,,read,,,,1,0
55360284,Taste: My Life Through Food,Stanley Tucci,"Tucci, Stanley",,"=""1982168013""","=""9781982168018""",4,4.19,Gallery Books,Hardcover,291,2021,2021,2022/01/01,2022/05/24,,,read,,,,1,0
16101059,Someone Could Get Hurt: A Memoir of Twenty-First-Century Parenthood,Drew Magary,"Magary, Drew",,"=""159240832X""","=""9781592408320""",4,3.90,Gotham,Hardcover,245,2013,2013,2021/12/30,2021/12/30,,,read,,,,1,0
66354,Flow: The Psychology of Optimal Experience,Mihály Csíkszentmihályi,"Csíkszentmihályi, Mihály",,"=""""","=""""",3,4.11,Harper Perennial,Paperback,303,1990,1990,2021/12/22,2021/07/25,,,read,,,,1,0
38122464,Ten Arguments for Deleting Your Social Media Accounts Right Now,Jaron Lanier,"Lanier, Jaron",,"=""125019668X""","=""9781250196682""",2,3.58,Henry Holt and Co.,Hardcover,146,2018,2018,2021/12/13,2021/11/21,,,read,,,,1,0
3296910,Web Form Design: Filling in the Blanks,Luke Wroblewski,"Wroblewski, Luke",,"=""1933820241""","=""9781933820248""",4,4.04,Rosenfeld Media,Paperback,226,2008,2008,2021/09/18,2021/09/26,ux,ux (#20),read,,,,2,0
4979,A Man Without a Country,Kurt Vonnegut Jr.,"Jr., Kurt Vonnegut",Daniel Simon,"=""081297736X""","=""9780812977363""",5,4.10,Random House Trade Paperbacks,Paperback,145,2007,2005,2021/08/01,2021/08/12,,,read,,,,1,0
55277893,Press Reset: Ruin and Recovery in the Video Game Industry,Jason Schreier,"Schreier, Jason",,"=""1538735490""","=""9781538735497""",3,4.05,Grand Central Publishing,Paperback,301,2021,2021,2026/02/14,2021/07/18,,,read,,,,1,0
214151403,Click: How to Make What People Want,Jake Knapp,"Knapp, Jake",John Zeratsky,"=""1668072114""","=""9781668072110""",3,4.09,Avid Reader Press / Simon & Schuster,Hardcover,240,2025,,2026/02/02,2026/02/02,,,read,,,,1,0
5907,"The Hobbit, or There and Back Again",J.R.R. Tolkien,"Tolkien, J.R.R.","Douglas A. Anderson, Michael Hague, Jemima Catlin","=""""","=""""",4,4.30,Houghton Mifflin,Paperback,366,2002,1937,2026/01/31,2026/01/31,,,read,,,,1,0
3525894,The Unlikely Disciple: A Sinner's Semester at America's Holiest University,Kevin Roose,"Roose, Kevin",,"=""044617842X""","=""9780446178426""",0,3.98,Grand Central Publishing (NY/Boston),Hardcover,324,2009,2009,,2026/01/23,to-read,to-read (#325),to-read,,,,0,0
214152261,Flesh,David Szalay,"Szalay, David",,"=""198212279X""","=""9781982122799""",5,3.74,Scribner,Hardcover,368,2025,2025,2026/01/18,2026/01/17,,,read,,,,1,0
1971304,City of Thieves,David Benioff,"Benioff, David",,"=""0670018708""","=""9780670018703""",3,4.30,Viking / Penguin,Hardcover,258,2008,2008,2023/06/23,2023/07/09,,,read,,,,1,0
60965426,The Creative Act: A Way of Being,Rick Rubin,"Rubin, Rick",,"=""0593652886""","=""9780593652886""",2,3.95,Penguin Press,Hardcover,406,2023,2023,2023/07/25,2023/03/21,,,read,,,,1,0
13574985,Design Is a Job,Mike Monteiro,"Monteiro, Mike",Erik Spiekermann,"=""1937557049""","=""9781937557041""",3,4.22,A Book Apart,Paperback,135,2012,2012,2023/12/18,2022/07/04,ux,ux (#16),read,,,,1,0
58733657,After Steve: How Apple Became a Trillion-Dollar Company and Lost Its Soul,Tripp Mickle,"Mickle, Tripp",,"=""0063009811""","=""9780063009813""",4,4.09,William Morrow,Hardcover,512,2022,2022,2023/09/11,2023/07/25,,,read,,,,1,0
38393096,Conversational Design,Erika Hall,"Hall, Erika",John Maeda,"=""1937557677""","=""9781937557676""",5,4.11,A Book Apart,Paperback,130,2018,,2023/10/01,2023/01/25,ux,ux (#11),read,,,,1,0
18869972,The House on the Strand,Daphne du Maurier,"Maurier, Daphne du",,"=""0316252999""","=""9780316252997""",4,3.82,"Little, Brown and Company",Hardcover,316,2013,1969,2024/01/01,2024/01/20,,,read,,,,1,0
44029589,How to Speak Machine: Laws of Design for a Computational Age,John Maeda,"Maeda, John",,"=""0241976634""","=""9780241976630""",5,3.70,Portfolio Penguin,Paperback,240,2019,,2024/03/16,2024/02/28,ux,ux (#23),read,,,,1,0
102188215,Cinema Speculation: An Entertaining Dive into Film History from the Legendary Writer and Director,Quentin Tarantino,"Tarantino, Quentin",,"=""0063112574""","=""9780063112575""",4,4.04,Harper Perennial,Paperback,400,2024,2022,2024/03/24,2024/02/28,,,read,,,,1,0
801678,"Mrs. Malory Investigates (Mrs. Malory Mysteries, #1)",Hazel Holt,"Holt, Hazel",,"=""0451402693""","=""9780451402691""",3,3.84,Onyx,Mass Market Paperback,224,1991,1989,2024/04/01,2024/05/04,,,read,,,,1,0
56212912,Out of Office: The Big Problem and Bigger Promise of Working from Home,Charlie Warzel,"Warzel, Charlie",Anne Helen Petersen,"=""0593320093""","=""9780593320099""",3,3.72,Knopf,Hardcover,272,2021,2021,2024/04/06,2022/01/11,,,read,,,,1,0
30358505,The Refugees,Viet Thanh Nguyen,"Nguyen, Viet Thanh",,"=""0802126391""","=""9780802126399""",3,3.86,Grove Press,Hardcover,209,2017,2017,2024/05/20,2024/05/20,,,read,,,,1,0
136342721,Unmasking AI: My Mission to Protect What Is Human in a World of Machines,Joy Buolamwini,"Buolamwini, Joy",,"=""0593241835""","=""9780593241837""",3,4.10,Random House,Hardcover,336,2023,,2024/06/09,2024/03/16,,,read,,,,1,0
41573546,The Ash Family,Molly Dektar,"Dektar, Molly",,"=""150114488X""","=""9781501144882""",3,3.22,Simon & Schuster,Kindle Edition,353,2019,2019,2024/07/04,2024/07/04,,,read,,,,1,0
2459785,"In the Woods (Dublin Murder Squad, #1)",Tana French,"French, Tana",,"=""""","=""""",4,3.78,Penguin Books,Paperback,448,2008,2007,2024/07/12,2024/07/12,,,read,,,,1,0
58784475,"Tomorrow, and Tomorrow, and Tomorrow",Gabrielle Zevin,"Zevin, Gabrielle",,"=""0735243344""","=""9780735243347""",3,4.11,Knopf,Hardcover,399,2022,2022,2024/07/27,2023/04/26,,,read,,,,1,0
207567968,"Play Nice: The Rise, Fall, and Future of Blizzard Entertainment",Jason Schreier,"Schreier, Jason",,"=""1538725428""","=""9781538725429""",4,4.17,Grand Central Publishing,Hardcover,384,2024,2024,2024/10/12,2024/10/12,,,read,,,,1,0
3985,The Amazing Adventures of Kavalier & Clay,Michael Chabon,"Chabon, Michael",,"=""0312282990""","=""9780312282998""",5,4.19,Picador USA,Paperback,639,2001,2000,2024/11/04,2024/10/12,,,read,,,,1,0
54120408,Klara and the Sun,Kazuo Ishiguro,"Ishiguro, Kazuo",,"=""059331817X""","=""9780593318171""",4,3.74,Alfred A. Knopf,Hardcover,303,2021,2021,2024/11/17,2024/11/17,,,read,,,,1,0
6334,Never Let Me Go,Kazuo Ishiguro,"Ishiguro, Kazuo",,"=""1400078776""","=""9781400078776""",4,3.85,Vintage Books ,Paperback,288,2010,2005,2024/12/18,2024/07/15,,,read,,,,1,0
28922,An Artist of the Floating World,Kazuo Ishiguro,"Ishiguro, Kazuo",,"=""0571225365""","=""9780571225361""",4,3.78,Faber and Faber,Paperback,206,2005,1986,2024/12/31,2024/12/31,,,read,,,,1,0
5826,Bel Canto,Ann Patchett,"Patchett, Ann",,"=""""","=""""",4,3.94,Harper Perennial,Paperback,318,2023,2001,2025/01/15,2025/01/15,,,read,,,,1,0
207298822,What I Ate in One Year (And Related Thoughts),Stanley Tucci,"Tucci, Stanley",,"=""1668055686""","=""9781668055687""",3,3.82,Gallery Books,Hardcover,350,2024,2024,2025/01/21,2025/01/21,,,read,,,,1,0
2175,Madame Bovary,Gustave Flaubert,"Flaubert, Gustave","Mark Overstall, Malcolm Bowie, Margaret Mauldon","=""0192840398""","=""9780192840394""",4,3.71,Oxford University Press,Paperback,329,2004,1856,2025/02/03,2025/02/03,,,read,,,,1,0
58662236,Small Things Like These,Claire Keegan,"Keegan, Claire",,"=""0802158749""","=""9780802158741""",3,4.08,Grove Press,Hardcover,118,2021,2021,2025/02/04,2025/02/04,,,read,,,,1,0
198678736,Co-Intelligence: Living and Working with AI,Ethan Mollick,"Mollick, Ethan",,"=""075356078X""","=""9780753560785""",3,3.94,Virgin Digital,Kindle Edition,243,2024,2024,2025/02/10,2025/01/26,,,read,,,,1,0
11138,Mere Christianity,C.S. Lewis,"Lewis, C.S.",,"=""0684823780""","=""9780684823782""",3,4.37,Touchstone Books,Paperback,191,1996,1952,2025/02/16,2025/02/16,,,read,,,,1,0
213034913,Source Code: My Beginnings,Bill  Gates,"Gates, Bill",,"=""059380158X""","=""9780593801581""",3,4.16,Knopf,Hardcover,336,2025,2025,2025/02/22,2025/01/30,,,read,,,,1,0
127305853,The Women,Kristin Hannah,"Hannah, Kristin",,"=""1250178630""","=""9781250178633""",3,4.59,St. Martin's Press,Hardcover,471,2024,2024,2025/03/01,2025/03/19,,,read,,,,1,0
22522805,The Buried Giant,Kazuo Ishiguro,"Ishiguro, Kazuo",,"=""030727103X""","=""9780307271037""",4,3.59,Alfred A. Knopf,Hardcover,317,2015,2015,2025/03/03,2025/02/24,,,read,,,,1,0
28686959,Based on a True Story: A Memoir,Norm Macdonald,"Macdonald, Norm",,"=""0812993624""","=""9780812993622""",3,4.03,Random House,Hardcover,256,2016,2016,2025/03/05,2024/11/23,,,read,,,,1,0
133518,The Things They Carried,Tim O'Brien,"O'Brien, Tim",,"=""0767902890""","=""9780767902892""",4,4.15,Broadway,Paperback,246,1998,1990,2025/03/26,2025/03/26,,,read,,,,1,0
41880609,On Earth We're Briefly Gorgeous,Ocean Vuong,"Vuong, Ocean",,"=""0525562028""","=""9780525562023""",3,4.00,Penguin Press,Hardcover,246,2019,2019,2025/04/01,2025/04/01,,,read,,,,1,0
9597,Player Piano,Kurt Vonnegut Jr.,"Jr., Kurt Vonnegut",,"=""0385333781""","=""9780385333788""",3,3.91,Dial Press,Paperback,341,2006,1952,2025/04/26,2025/04/26,,,read,,,,1,0
7244,The Poisonwood Bible,Barbara Kingsolver,"Kingsolver, Barbara",,"=""0060786507""","=""9780060786502""",4,4.11,Harper Perennial Modern Classics,Paperback,546,2005,1998,2025/05/04,2025/02/10,,,read,,,,1,0
22155,Let My People Go Surfing: The Education of a Reluctant Businessman,Yvon Chouinard,"Chouinard, Yvon",,"=""0143037838""","=""9780143037835""",4,4.18,Penguin Books,Paperback,272,2006,2006,2025/05/18,2021/03/07,,,read,,,,1,0
37781,"Things Fall Apart (The African Trilogy, #1)",Chinua Achebe,"Achebe, Chinua",,"=""""","=""""",4,3.75,Anchor Books,Paperback,215,1994,1958,2025/05/29,2025/05/29,,,read,,,,1,0
60603268,A Dangerous Business,Jane Smiley,"Smiley, Jane",,"=""0525520333""","=""9780525520337""",3,3.17,Knopf,Hardcover,224,2022,2022,2025/06/08,2025/06/08,,,read,,,,1,0
5941114,"The Likeness (Dublin Murder Squad, #2)",Tana French,"French, Tana",,"=""0143115626""","=""9780143115625""",3,4.06,Penguin Books,Paperback,466,2009,2008,2025/06/25,2025/06/25,,,read,,,,1,0
54816562,"A Man Named Doll (The Doll Series, #1)",Jonathan Ames,"Ames, Jonathan",,"=""0316703656""","=""9780316703659""",3,3.71,Mulholland Books,Hardcover,224,2021,2021,2025/07/06,2025/07/06,,,read,,,,1,0
7886338,The Lifecycle of Software Objects,Ted Chiang,"Chiang, Ted",,"=""1596063173""","=""9781596063174""",3,3.91,Subterranean Pr,Hardcover,150,2010,2010,2025/07/09,2022/09/30,,,read,,,,1,0
34376766,"Blood, Sweat, and Pixels",Jason Schreier,"Schreier, Jason",,"=""0062651242""","=""9780062651242""",4,4.20,Harper Paperbacks,Kindle Edition,353,2017,2017,2025/07/16,2025/07/16,,,read,,,,1,0
166997,Stoner,John  Williams,"Williams, John",John McGahern,"=""1590171993""","=""9781590171998""",4,4.36,New York Review Books,Paperback,292,2006,1965,2025/07/25,2024/09/15,,,read,,,,1,0
36515910,You Were Never Really Here,Jonathan Ames,"Ames, Jonathan",,"=""0525562893""","=""9780525562894""",3,3.86,Vintage,Paperback,112,2018,2013,2025/07/26,2025/07/26,,,read,,,,1,0
6862,Amsterdam,Ian McEwan,"McEwan, Ian",,"=""0385494246""","=""9780385494243""",4,3.47,Anchor Books/Knopf Doubleday Publishing Group,Paperback,209,1999,1998,2025/08/08,2025/08/08,,,read,,,,1,0
75665931,The Maniac,Benjamín Labatut,"Labatut, Benjamín",,"=""0593654471""","=""9780593654477""",5,4.33,Penguin Press,Hardcover,368,2023,2023,2025/08/20,2025/08/20,,,read,,,,1,0
78311985,A Shining,Jon Fosse,"Fosse, Jon",Damion Searls,"=""1804270636""","=""9781804270639""",3,3.47,Fitzcarraldo Editions,Paperback,48,2023,2023,2025/09/03,2025/09/03,,,read,,,,1,0
40409718,Post Office,Charles Bukowski,"Bukowski, Charles",,"=""""","=""""",3,3.92,Ecco,ebook,162,2009,1971,2025/09/08,2024/03/24,,,read,,,,1,0
55922484,Once Upon a Time in Hollywood,Quentin Tarantino,"Tarantino, Quentin",,"=""0063112523""","=""9780063112520""",4,3.87,Harper Perennial ,Paperback,400,2021,2021,2025/10/10,2021/07/18,,,read,,,,1,0
59801798,Blood in the Machine: The Origins of the Rebellion Against Big Tech,Brian Merchant,"Merchant, Brian",,"=""0316487740""","=""9780316487740""",4,4.17,"Little, Brown and Company",Hardcover,416,2023,2023,2025/11/08,2025/08/08,,,read,,,,1,0
223380,Stories of Your Life and Others,Ted Chiang,"Chiang, Ted",,"=""0330426648""","=""9780330426640""",5,4.25,Small Beer Press,ebook,281,2010,2002,2025/11/24,2024/03/16,,,read,,,,1,0
78292253,Every Man for Himself and God Against All: A Memoir,Werner Herzog,"Herzog, Werner",Michael Hofmann,"=""0593490290""","=""9780593490303""",4,4.25,Penguin Press,Kindle Edition,367,2023,2022,2025/11/30,2023/09/30,,,read,,,,1,0
11084145,Steve Jobs,Walter Isaacson,"Isaacson, Walter",,"=""1451648537""","=""9781451648539""",5,4.16,Simon & Schuster,Hardcover,630,2011,2011,2025/12/25,2025/12/25,,,read,,,,1,0
211179569,1929: Inside the Greatest Crash in History – and How It Shattered a Nation,Andrew Ross Sorkin,"Sorkin, Andrew Ross",,"=""0241479428""","=""9780241479421""",3,4.23,Viking Books,Kindle Edition,577,2025,2025,2026/01/12,2025/12/03,,,read,,,,1,0
6146675,The Clicking of Cuthbert (Golf Stories #1),P.G. Wodehouse,"Wodehouse, P.G.",,"=""0099513862""","=""9780099513865""",3,3.94,Arrow,Paperback,224,2008,1922,2026/01/02,2026/01/02,,,read,,,,1,0
7324357,Last Call: The Rise and Fall of Prohibition,Daniel Okrent,"Okrent, Daniel",,"=""0743277023""","=""9780743277020""",0,3.88,Scribner,Hardcover,480,2010,2010,,2026/01/11,to-read,to-read (#324),to-read,,,,0,0
398732,The Aesthetics of the Japanese Lunchbox,Kenji Ekuan,"Ekuan, Kenji",David B. Stewart,"=""0262550350""","=""9780262550352""",0,3.84,The MIT Press,Paperback,208,2000,1998,,2026/01/07,to-read,to-read (#323),to-read,,,,0,0
18077903,"Creativity, Inc.: Overcoming the Unseen Forces That Stand in the Way of True Inspiration",Ed Catmull,"Catmull, Ed",Amy    Wallace,"=""0812993012""","=""9780812993011""",0,4.21,Random House,Hardcover,368,2014,2014,,2025/12/23,to-read,to-read (#322),to-read,,,,0,0
2615,The Innovator's Dilemma: The Revolutionary Book that Will Change the Way You Do Business,Clayton M. Christensen,"Christensen, Clayton M.",,"=""0060521996""","=""9780060521998""",0,4.04,Collins,Paperback,320,2003,1997,,2025/12/22,to-read,to-read (#321),to-read,,,,0,0
4651502,Forms that Work: Designing Web Forms for Usability (Interactive Technologies),Caroline Jarrett,"Jarrett, Caroline",Gerry Gaffney,"=""1558607102""","=""9781558607101""",0,3.92,Morgan Kaufmann,Paperback,199,,2008,,2025/11/16,to-read,to-read (#320),to-read,,,,0,0
51291,How to Lie with Statistics,Darrell Huff,"Huff, Darrell",Irving Geis,"=""0393310728""","=""9780393310726""",0,3.84,W. W. Norton & Company,Paperback,142,1982,1954,,2025/11/16,to-read,to-read (#319),to-read,,,,0,0
96340635,"Systèmes de grille pour le design graphique: Un manuel pour les designers graphiques, les typographes",Joseph Müller-Brockmann,"Müller-Brockmann, Joseph",,"=""294042635X""","=""9782940426355""",0,4.50,ENTREMONDE,Paperback,176,2017,,,2025/10/06,to-read,to-read (#318),to-read,,,,0,0
24113,"Gödel, Escher, Bach: An Eternal Golden Braid",Douglas R. Hofstadter,"Hofstadter, Douglas R.",,"=""0465026567""","=""9780465026562""",0,4.29,Basic Books,Paperback,777,1999,1979,,2025/10/01,to-read,to-read (#317),to-read,,,,0,0
51075392,Paul Thomas Anderson: Masterworks: A Filmmaker’s Creative Journey,Adam Nayman,"Nayman, Adam","the Safdie Brothers, Little White Lies","=""1419744674""","=""9781419744679""",0,4.30,Abrams Books,Hardcover,288,2020,,,2025/10/01,to-read,to-read (#316),to-read,,,,0,0
223854881,What We Can Know,Ian McEwan,"McEwan, Ian",,"=""0593804724""","=""9780593804728""",0,3.88,Knopf,Hardcover,303,2025,2025,,2025/09/22,to-read,to-read (#315),to-read,,,,0,0
195790601,"When the Clock Broke: Con Men, Conspiracists, and How America Cracked Up in the Early 1990s",John Ganz,"Ganz, John",,"=""0374605440""","=""9780374605445""",0,4.07,"Farrar, Straus and Giroux",Hardcover,420,2024,2024,,2025/09/20,to-read,to-read (#314),to-read,,,,0,0
337109,Paris in the Twentieth Century: The Lost Novel,Jules Verne,"Verne, Jules",Richard Howard,"=""034542039X""","=""9780345420398""",0,3.40,Del Rey,Paperback,216,1997,1994,,2025/09/14,to-read,to-read (#313),to-read,,,,0,0
74034,Amusing Ourselves to Death: Public Discourse in the Age of Show Business,Neil Postman,"Postman, Neil",Andrew Postman,"=""014303653X""","=""9780143036531""",0,4.17,Penguin Books,Paperback,184,2005,1985,,2025/09/01,to-read,to-read (#312),to-read,,,,0,0
83533,The Age of Spiritual Machines,Ray Kurzweil,"Kurzweil, Ray",,"=""0140282025""","=""9780140282023""",0,3.89,Penguin ,Trade Paperback,388,2000,1998,,2025/09/01,to-read,to-read (#311),to-read,,,,0,0
59924,The Lathe of Heaven,Ursula K. Le Guin,"Guin, Ursula K. Le",,"=""0060512741""","=""9780060512743""",0,4.13,Harper Perennial Modern Classics,Paperback,176,2003,1971,,2025/08/30,to-read,to-read (#310),to-read,,,,0,0
17208457,Bleeding Edge,Thomas Pynchon,"Pynchon, Thomas",,"=""1594204233""","=""9781594204234""",0,3.62,Penguin Press,Hardcover,477,2013,2013,,2025/08/18,to-read,to-read (#309),to-read,,,,0,0
59721,Vineland,Thomas Pynchon,"Pynchon, Thomas",,"=""3499136287""","=""9783499136283""",0,3.75,Rowohlt Tb.,Paperback,480,1995,1990,,2025/08/18,to-read,to-read (#308),to-read,,,,0,0
13525945,So Good They Can't Ignore You: Why Skills Trump Passion in the Quest for Work You Love,Cal Newport,"Newport, Cal",,"=""1455509108""","=""9781455509102""",0,4.07,Business Plus,Kindle Edition,288,2012,2012,,2025/08/01,to-read,to-read (#307),to-read,,,,0,0
60784757,Birnam Wood,Eleanor Catton,"Catton, Eleanor",,"=""0374110336""","=""9780374110338""",0,3.80,"Farrar, Straus and Giroux",Hardcover,424,2023,2023,,2025/07/14,to-read,to-read (#306),to-read,,,,0,0
54493401,Project Hail Mary,Andy Weir,"Weir, Andy",,"=""0593135202""","=""9780593135204""",0,4.50,Ballantine Books,Hardcover,476,2021,2021,,2025/06/30,to-read,to-read (#305),to-read,,,,0,0
58725001,"The Future Was Now: Madmen, Mavericks, and the Epic Sci-Fi Summer of 1982",Chris Nashawaty,"Nashawaty, Chris",,"=""1250827051""","=""9781250827050""",0,4.11,Flatiron Books,Hardcover,304,2024,2024,,2025/06/03,to-read,to-read (#304),to-read,,,,0,0
25816988,Pacific: The Ocean of the Future,Simon Winchester,"Winchester, Simon",,"=""0062315412""","=""9780062315410""",0,4.04,Harper,Hardcover,512,2015,2015,,2025/06/03,to-read,to-read (#303),to-read,,,,0,0
161789,The Toyota Way: 14 Management Principles from the World's Greatest Manufacturer,Jeffrey K. Liker,"Liker, Jeffrey K.",,"=""0071392319""","=""9780071392310""",0,4.08,McGraw Hill,Hardcover,330,2004,2003,,2025/05/17,to-read,to-read (#302),to-read,,,,0,0
16054798,Brick by Brick: How LEGO Rewrote the Rules of Innovation and Conquered the Global Toy Industry,David C.  Robertson,"Robertson, David C.",Bill Breen,"=""030795160X""","=""9780307951601""",0,3.84,Crown Business,Hardcover,320,2013,2013,,2025/05/05,to-read,to-read (#301),to-read,,,,0,0
13256499,The IKEA Edge: Building Global Growth and Social Good at the World's Most Iconic Home Store,DAHLVIG,"DAHLVIG, DAHLVIG",,"=""0071777652""","=""9780071777650""",0,3.56,McGraw Hill,Hardcover,207,2011,2011,,2025/05/05,to-read,to-read (#300),to-read,,,,0,0
376237,Toyota Production System: Beyond large-scale production,Taiichi Ohno,"Ohno, Taiichi",Norman Bodek,"=""0915299143""","=""9780915299140""",0,4.11,Productivity Press ,Hardcover,152,1988,1978,,2025/05/05,to-read,to-read (#299),to-read,,,,0,0
1241630,Kaizen: The Key to Japan's Competitive Success,Masaaki Imai,"Imai, Masaaki",,"=""007554332X""","=""9780075543329""",0,3.98,McGraw-Hill Education,Hardcover,260,1986,1985,,2025/05/05,to-read,to-read (#298),to-read,,,,0,0
195790752,Capitalism and Its Critics: A History: From the Industrial Revolution to AI,John Cassidy,"Cassidy, John",,"=""0374601089""","=""9780374601089""",0,4.19,"Farrar, Straus and Giroux",Hardcover,624,2025,2025,,2025/04/14,to-read,to-read (#297),to-read,,,,0,0
1160501,The Ballad of the White Horse,G.K. Chesterton,"Chesterton, G.K.",,"=""""","=""""",0,4.26,Ignatius Press,Kindle Edition,41,1911,1911,,2025/04/07,to-read,to-read (#296),to-read,,,,0,0
63877600,An Invitation to Indian Cooking: 50th Anniversary Edition: A Cookbook,Madhur Jaffrey,"Jaffrey, Madhur",Yotam Ottolenghi,"=""0593535685""","=""9780593535684""",0,4.22,Knopf,Hardcover,352,2023,1976,,2025/04/01,to-read,to-read (#295),to-read,,,,0,0
77264987,MCU: The Reign of Marvel Studios,Joanna  Robinson,"Robinson, Joanna","Dave Gonzales, Gavin Edwards","=""1631497510""","=""9781631497513""",0,4.20,Liveright,Hardcover,528,2023,2023,,2025/03/29,to-read,to-read (#294),to-read,,,,0,0
61408290,Like a Hurricane: An Unofficial Oral History of Street Fighter II,Matt Leone,"Leone, Matt",,"=""0500025932""","=""9780500025932""",0,3.63,Thames & Hudson,Hardcover,480,2023,,,2025/03/29,to-read,to-read (#293),to-read,,,,0,0
36556202,The Coddling of the American Mind: How Good Intentions and Bad Ideas Are Setting up a Generation for Failure,Jonathan Haidt,"Haidt, Jonathan",Greg Lukianoff,"=""0735224900""","=""9780735224902""",0,4.23,Penguin Press,Kindle Edition,352,2018,2018,,2025/03/07,,,read,,,,1,0
11324722,The Righteous Mind: Why Good People Are Divided by Politics and Religion,Jonathan Haidt,"Haidt, Jonathan",,"=""""","=""""",0,4.19,Pantheon,Hardcover,419,2012,2012,,2025/03/07,,,read,,,,1,0
32075854,"Magpie Murders (Susan Ryeland, #1)",Anthony Horowitz,"Horowitz, Anthony",,"=""0062645226""","=""9780062645227""",0,3.94,Harper,Hardcover,477,2017,2016,,2025/03/07,,,read,,,,1,0
9516,"Persepolis: The Story of a Childhood (Persepolis, #1)",Marjane Satrapi,"Satrapi, Marjane",Mattias Ripa,"=""037571457X""","=""9780375714573""",0,4.27,Pantheon,Paperback,153,2004,2003,2019/01/01,2025/03/07,,,read,,,,1,0
25541028,"Elon Musk: Tesla, SpaceX, and the Quest for a Fantastic Future",Ashlee Vance,"Vance, Ashlee",,"=""0062301233""","=""9780062301239""",0,4.12,Ecco,Hardcover,392,2015,2015,2019/01/01,2025/03/07,,,read,,,,1,0
53487237,A Swim in a Pond in the Rain,George Saunders,"Saunders, George",,"=""1984856049""","=""9781984856043""",0,4.53,Random House,Kindle Edition,403,2021,2021,,2025/03/05,to-read,to-read (#292),to-read,,,,0,0
34068514,Rise of the Machines: A Cybernetic History,Thomas Rid,"Rid, Thomas",,"=""0393354954""","=""9780393354959""",0,3.88,W. W. Norton & Company,Paperback,464,2017,2016,,2025/03/05,to-read,to-read (#291),to-read,,,,0,0
61539,The Structure of Scientific Revolutions,Thomas S. Kuhn,"Kuhn, Thomas S.",,"=""0226458083""","=""9780226458083""",0,4.03,University of Chicago Press,Paperback,226,1996,1962,,2025/03/05,to-read,to-read (#290),to-read,,,,0,0
6713071,Last Words,George Carlin,"Carlin, George",Tony Hendra,"=""1439172951""","=""9781439172957""",0,3.97,Free Press,Hardcover,316,2009,2009,,2025/03/05,to-read,to-read (#289),to-read,,,,0,0
17236175,Just Enough Research,Erika Hall,"Hall, Erika",Jeffrey Zeldman,"=""1937557103""","=""9781937557102""",0,4.19,A Book Apart,Paperback,154,2013,2013,,2023/01/25,ux,ux (#12),read,,,,1,0
40718726,Genghis Khan and the Making of the Modern World,Jack Weatherford,"Weatherford, Jack",,"=""""","=""""",0,4.07,Broadway Books,Kindle Edition,352,2018,2004,,2025/03/02,to-read,to-read (#288),to-read,,,,0,0
40117,The Unconsoled,Kazuo Ishiguro,"Ishiguro, Kazuo",,"=""057122539X""","=""9780571225392""",0,3.59,Faber and Faber,Paperback,535,1995,1995,,2025/02/24,to-read,to-read (#287),to-read,,,,0,0
28920,A Pale View of Hills,Kazuo Ishiguro,"Ishiguro, Kazuo",,"=""""","=""""",0,3.80,Faber and Faber,Paperback,183,2005,1982,,2025/02/24,to-read,to-read (#286),to-read,,,,0,0
28923,When We Were Orphans,Kazuo Ishiguro,"Ishiguro, Kazuo",,"=""0571225403""","=""9780571225408""",0,3.54,Faber & Faber,Paperback,320,2005,2000,,2025/02/24,to-read,to-read (#285),to-read,,,,0,0
179922986,Kubrick: An Odyssey,Robert P. Kolker,"Kolker, Robert P.",Nathan Abrams,"=""1639366245""","=""9781639366248""",0,4.22,Pegasus Books,Hardcover,656,2024,2023,,2025/02/24,to-read,to-read (#284),to-read,,,,0,0
350,Stranger in a Strange Land,Robert A. Heinlein,"Heinlein, Robert A.",James Warhola,"=""""","=""""",0,3.92,Ace,Paperback,525,1991,1961,,2025/02/24,to-read,to-read (#283),to-read,,,,0,0
61065813,"Surrender: 40 Songs, One Story",Bono,"Bono, Bono",,"=""0525521046""","=""9780525521044""",0,4.19,Knopf,Hardcover,564,2022,2022,,2025/02/24,to-read,to-read (#282),to-read,,,,0,0
905,The Inner Game of Tennis: The Classic Guide to the Mental Side of Peak Performance,W. Timothy Gallwey,"Gallwey, W. Timothy","Pete Carroll, Zach Kleiman","=""0679778314""","=""9780679778318""",0,4.18,Random House Trade Paperbacks,Paperback,134,1997,1974,,2025/02/24,to-read,to-read (#281),to-read,,,,0,0
2199,Team of Rivals: The Political Genius of Abraham Lincoln,Doris Kearns Goodwin,"Goodwin, Doris Kearns",,"=""""","=""""",0,4.29,Simon & Schuster,Paperback,916,2006,2005,,2025/02/24,to-read,to-read (#280),to-read,,,,0,0
62334530,None of This Is True,Lisa Jewell,"Jewell, Lisa",,"=""1982179007""","=""9781982179007""",0,4.07,Atria Books,Hardcover,390,2023,2023,,2025/02/23,to-read,to-read (#279),to-read,,,,0,0
17375,The Meaning of It All: Thoughts of a Citizen-Scientist,Richard P. Feynman,"Feynman, Richard P.",,"=""0465023940""","=""9780465023943""",0,3.96,Basic Books,Paperback,144,2005,1998,,2025/02/22,to-read,to-read (#278),to-read,,,,0,0
139400708,Zodiac: A Graphic Memoir,Ai Weiwei,"Weiwei, Ai","Elettra Stamboulis, Gianluca Costantini","=""1984863002""","=""9781984863003""",0,3.68,Ten Speed Graphic,Paperback,176,2024,2024,,2025/02/19,to-read,to-read (#277),to-read,,,,0,0
76865,Good to Great: Why Some Companies Make the Leap... and Others Don't,Jim Collins,"Collins, Jim",,"=""0066620996""","=""9780066620992""",0,4.12,Harper Business,Hardcover,300,2001,2001,,2025/02/18,to-read,to-read (#276),to-read,,,,0,0
30512491,Curation: The Power of Selection in a World of Excess,Michael Bhaskar,"Bhaskar, Michael",,"=""0349412502""","=""9780349412504""",0,3.63,"Little, Brown",Hardcover,368,2016,2016,,2025/02/17,to-read,to-read (#275),to-read,,,,0,0
41436213,Sandworm: A New Era of Cyberwar and the Hunt for the Kremlin's Most Dangerous Hackers,Andy Greenberg,"Greenberg, Andy",,"=""0385544413""","=""9780385544412""",0,4.34,Doubleday,Kindle Edition,368,2019,2019,,2025/02/15,to-read,to-read (#274),to-read,,,,0,0
6719017,Reading in the Brain: The Science and Evolution of a Human Invention,Stanislas Dehaene,"Dehaene, Stanislas",,"=""0670021105""","=""9780670021109""",0,4.07,Viking Adult,Hardcover,388,2009,2007,,2025/02/09,to-read,to-read (#273),to-read,,,,0,0
144405196,"The Worlds I See: Curiosity, Exploration, and Discovery at the Dawn of AI",Fei-Fei Li,"Li, Fei-Fei",,"=""""","=""""",0,4.31,Flatiron Books: A Moment of Lift Book,Hardcover,336,2023,2023,,2025/02/08,to-read,to-read (#272),to-read,,,,0,0
62879032,Robert Nava,Jason Rosenfeld,"Rosenfeld, Jason",Robert Nava,"=""1948701537""","=""9781948701532""",0,3.00,Pace Publishing,Hardcover,141,2022,,,2025/01/29,to-read,to-read (#271),to-read,,,,0,0
193659,Lost Moon: The Perilous Voyage of Apollo 13,Jim Lovell,"Lovell, Jim","Jeffrey Kluger, Fred Sanders","=""0395670292""","=""9780395670293""",0,4.40,Houghton Mifflin,Hardcover,378,1994,1994,,2025/01/29,to-read,to-read (#270),to-read,,,,0,0
58169,"Catching the Big Fish: Meditation, Consciousness, and Creativity",David  Lynch,"Lynch, David",,"=""1585425400""","=""9781585425402""",0,3.77,Tarcherperigee,Hardcover,181,2006,2006,,2025/01/18,to-read,to-read (#269),to-read,,,,0,0
3828902,Thinking In Systems: A Primer,Donella H. Meadows,"Meadows, Donella H.",Diana Wright,"=""1603580557""","=""9781603580557""",0,4.18,Chelsea Green Publishing,Paperback,218,2008,2008,,2025/01/11,to-read,to-read (#268),to-read,,,,0,0
2543099,The Craft of Research,Wayne C. Booth,"Booth, Wayne C.","Gregory G. Colomb, Joseph M. Williams","=""0226065669""","=""9780226065663""",0,3.92,University of Chicago Press,Paperback,317,2008,1995,,2024/12/31,to-read,to-read (#267),to-read,,,,0,0
6968772,The Master and His Emissary: The Divided Brain and the Making of the Western World,Iain McGilchrist,"McGilchrist, Iain",,"=""030014878X""","=""9780300148787""",0,4.35,Yale University Press,Hardcover,608,2009,2009,,2024/12/31,to-read,to-read (#266),to-read,,,,0,0
67880,The Outsider,Colin Wilson,"Wilson, Colin","Friedrich Nietzsche, Rainer Maria Rilke","=""0753814323""","=""9780753814321""",0,4.03,Phoenix Paperbacks,Paperback,320,2001,1956,,2024/12/31,to-read,to-read (#265),to-read,,,,0,0
8423939,The Archaeology of Mind: Neuroevolutionary Origins of Human Emotions,Jaak Panksepp,"Panksepp, Jaak",Lucy Biven,"=""0393705315""","=""9780393705317""",0,4.44,W. W. Norton & Company,Hardcover,592,2012,2010,,2024/12/31,to-read,to-read (#264),to-read,,,,0,0
60806778,The Deluge,Stephen Markley,"Markley, Stephen",,"=""1982123095""","=""9781982123093""",0,4.23,Simon & Schuster,Hardcover,896,2023,2023,,2024/12/31,to-read,to-read (#263),to-read,,,,0,0
61959945,Stuck? Diagrams Help.,Abby Covert,"Covert, Abby",Jenny Benevento,"=""""","=""9798218020415""",0,4.01,Lulu,Kindle Edition,352,2022,,,2024/12/23,to-read,to-read (#262),to-read,,,,0,0
25300910,How to Watch a Movie,David  Thomson,"Thomson, David",,"=""1101875402""","=""9781101875407""",0,3.02,Vintage,Kindle Edition,258,2015,2015,,2024/12/16,to-read,to-read (#261),to-read,,,,0,0
29921671,The Weight of Glory,C.S. Lewis,"Lewis, C.S.",,"=""""","=""""",0,4.39,HarperOne,Paperback,208,2015,1949,,2024/12/01,to-read,to-read (#260),to-read,,,,0,0
57693653,"Dilla Time: The Life and Afterlife of J Dilla, the Hip-Hop Producer Who Reinvented Rhythm",Dan Charnas,"Charnas, Dan",,"=""0374139946""","=""9780374139940""",0,4.55,MCD,Hardcover,480,2022,2022,,2024/11/18,to-read,to-read (#259),to-read,,,,0,0
123136728,Orbital,Samantha Harvey,"Harvey, Samantha",,"=""0802161545""","=""9780802161543""",0,3.49,Atlantic Monthly Press,Hardcover,224,2023,2023,,2024/11/17,to-read,to-read (#258),to-read,,,,0,0
32191748,The Unseen World,Liz    Moore,"Moore, Liz",,"=""0393354415""","=""9780393354416""",0,4.12,W. W. Norton,Paperback,451,2017,2016,,2024/11/16,to-read,to-read (#257),to-read,,,,0,0
22668729,Hooked: How to Build Habit-Forming Products,Nir   Eyal,"Eyal, Nir",Ryan Hoover,"=""1591847788""","=""9781591847786""",0,4.12,Portfolio,Hardcover,256,2014,2013,,2024/10/26,to-read,to-read (#256),to-read,,,,0,0
337113,The Tenant of Wildfell Hall,Anne Brontë,"Brontë, Anne",Stevie Davies,"=""0140434747""","=""9780140434743""",0,4.03,Penguin Books,Paperback,576,1996,1848,,2024/10/24,to-read,to-read (#255),to-read,,,,0,0
50798,Jude the Obscure,Thomas Hardy,"Hardy, Thomas","Patricia Ingham, Dennis Taylor, Jenny Sterlin, Mark Oxford, James Oliver Smith Jr.","=""0486452433""","=""9780486452432""",0,3.84,Dover Publications,Paperback,310,2006,1895,,2024/10/24,to-read,to-read (#254),to-read,,,,0,0
60321447,Chip War: The Fight for the World's Most Critical Technology,Chris   Miller,"Miller, Chris",,"=""1982172002""","=""9781982172008""",0,4.40,Scribner,Hardcover,431,2022,2022,,2024/10/23,to-read,to-read (#253),to-read,,,,0,0
48654,"Story: Substance, Structure, Style, and the Principles of Screenwriting",Robert McKee,"McKee, Robert",,"=""0060391685""","=""9780060391683""",0,4.27,ReganBooks,Hardcover,466,1997,1997,,2024/10/22,to-read,to-read (#252),to-read,,,,0,0
538046,Make It Bigger,Paula Scher,"Scher, Paula",,"=""1568985487""","=""9781568985480""",0,4.19,Princeton Architectural Press,Paperback,272,2005,2002,,2024/10/21,to-read,to-read (#251),to-read,,,,0,0
200547597,Paula Scher: Works,Paula Scher,"Scher, Paula",,"=""0500297703""","=""9780500297704""",0,4.67,Thames & Hudson,Paperback,520,2024,,,2024/10/21,to-read,to-read (#250),to-read,,,,0,0
217830934,The Growth Equation: How Early Stage Startups Can Build a Powerful Engine for Growth,Andy Budd,"Budd, Andy",,"=""1068746114""","=""9781068746116""",0,4.31,The Design Coach Ltd,Kindle Edition,289,2024,,,2024/10/17,to-read,to-read (#249),to-read,,,,0,0
67896,Tao Te Ching,Lao Tzu,"Tzu, Lao","Gia-Fu Feng, Jane English, Jacob Needleman, Toinette Lippe, Claudio Lamparelli","=""0679724346""","=""9780679724346""",0,4.29,Vintage,Paperback,107,1989,-350,,2024/10/12,to-read,to-read (#248),to-read,,,,0,0
52036,Siddhartha,Hermann Hesse,"Hesse, Hermann",Hilda Rosner,"=""""","=""""",0,4.08,Bantam Books,Mass Market Paperback,152,1981,1922,,2024/10/12,to-read,to-read (#247),to-read,,,,0,0
451412,Directors on Directing: A Source Book of the Modern Theater,Toby Cole,"Cole, Toby",Helen Krich Chinoy,"=""0023233001""","=""9780023233005""",0,3.95,Pearson,Paperback,440,1963,1963,,2024/10/06,to-read,to-read (#246),to-read,,,,0,0
111537,Making Movies,Sidney Lumet,"Lumet, Sidney",,"=""0679756604""","=""9780679756606""",0,4.29,Vintage,Paperback,218,1996,1995,,2024/09/23,to-read,to-read (#245),to-read,,,,0,0
218097247,Digital Icons That Work: A Comprehensive Guide to Enhancing User Experience with Effective Iconography,Kate Kaplan,"Kaplan, Kate",kelley gordon,"=""""","=""9798990097810""",0,4.25,Nielsen Norman Group,Kindle Edition,,2024,,,2024/09/14,to-read,to-read (#244),to-read,,,,0,0
218216588,Das inoffizielle GBA Pixelbuch,Robert Bannert,"Bannert, Robert",Thomas Nickel,"=""3982106133""","=""9783982106137""",0,5.00,Elektrospieler,Hardcover,302,2023,,,2024/09/11,to-read,to-read (#243),to-read,,,,0,0
43269446,The Nickel Boys,Colson Whitehead,"Whitehead, Colson",,"=""0345804341""","=""9780345804341""",0,4.25,Vintage,Paperback,213,2020,2019,,2024/09/05,to-read,to-read (#242),to-read,,,,0,0
61992093,Wish I Was Here,M. John Harrison,"Harrison, M. John",,"=""1800812973""","=""9781800812970""",0,4.03,Serpent's Tail,Hardcover,224,2023,2023,,2024/08/30,to-read,to-read (#241),to-read,,,,0,0
15801967,Contagious: Why Things Catch On,Jonah Berger,"Berger, Jonah",,"=""1451686579""","=""9781451686579""",0,3.98,Simon & Schuster,Hardcover,210,2013,2013,,2024/08/26,to-read,to-read (#240),to-read,,,,0,0
7069,The World According to Garp,John Irving,"Irving, John",,"=""0345915593""","=""9780345915597""",0,4.11,Ballantine Books,Hardcover,610,1999,1978,,2024/08/26,to-read,to-read (#239),to-read,,,,0,0
13588394,The Signal and the Noise: Why So Many Predictions Fail—But Some Don't,Nate Silver,"Silver, Nate",,"=""159420411X""","=""9781594204111""",0,3.97,Penguin,Hardcover,544,2012,2012,,2024/08/17,to-read,to-read (#238),to-read,,,,0,0
204236707,On the Edge: The Art of Risking Everything,Nate Silver,"Silver, Nate",,"=""1594204128""","=""9781594204128""",0,3.67,Penguin Press,Hardcover,576,2024,2024,,2024/08/17,to-read,to-read (#237),to-read,,,,0,0
197566578,Broken Money: Why Our Financial System is Failing Us and How We Can Make it Better,Lyn Alden,"Alden, Lyn",,"=""""","=""9798988666301""",0,4.60,Timestamp Press,Hardcover,538,2023,,,2024/08/01,to-read,to-read (#236),to-read,,,,0,0
68427,"Elantris (Elantris, #1)",Brandon Sanderson,"Sanderson, Brandon",,"=""0765350378""","=""9780765350374""",0,4.16,Tor Fantasy,Mass Market Paperback,638,2006,2005,,2024/07/18,to-read,to-read (#235),to-read,,,,0,0
97782,Then We Came to the End,Joshua Ferris,"Ferris, Joshua",,"=""0316016381""","=""9780316016384""",0,3.47,"Little, Brown and Company",Hardcover,387,2007,2007,,2024/07/15,to-read,to-read (#234),to-read,,,,0,0
22034,"The Godfather (The Godfather, #1)",Mario Puzo,"Puzo, Mario","Robert Thompson, Peter Bart","=""""","=""""",0,4.40,NAL,Paperback,428,2002,1969,,2024/06/01,,,read,,,,1,0
242472,The Black Swan: The Impact of the Highly Improbable,Nassim Nicholas Taleb,"Taleb, Nassim Nicholas",,"=""1400063515""","=""9781400063512""",0,3.96,Random House ,Hardcover,480,2007,2007,,2024/05/30,to-read,to-read (#233),to-read,,,,0,0
3,"Harry Potter and the Sorcerer's Stone (Harry Potter, #1)",J.K. Rowling,"Rowling, J.K.",,"=""0439554934""","=""9780439554930""",0,4.47,Scholastic Inc,Hardcover,309,2003,1997,,2017/07/22,,,read,,,,1,0
12127750,"The Mark of Athena (The Heroes of Olympus, #3)",Rick Riordan,"Riordan, Rick",,"=""1423140605""","=""9781423140603""",0,4.47,Disney-Hyperion Books,Hardcover,586,2012,2012,,2017/07/22,,,read,,,,1,0
27274361,When Strangers Meet: How People You Don't Know Can Transform You (TED Books),Kio Stark,"Stark, Kio",,"=""1501119990""","=""9781501119996""",0,3.33,Simon & Schuster/ TED,Kindle Edition,129,2016,,,2024/05/09,to-read,to-read (#232),to-read,,,,0,0
42611483,Escaping the Build Trap: How Effective Product Management Creates Real Value,Melissa Perri,"Perri, Melissa",,"=""1491973757""","=""9781491973752""",0,4.28,O'Reilly Media,Kindle Edition,199,2018,2018,,2024/05/04,to-read,to-read (#231),to-read,,,,0,0
78642417,Testimony: Inside the Evangelical Movement That Failed a Generation,Jon Ward,"Ward, Jon",,"=""1587435772""","=""9781587435775""",0,4.05,Brazos Press,Hardcover,256,2023,2023,,2024/05/04,to-read,to-read (#230),to-read,,,,0,0
199467729,Product Operations: How successful companies build better products at scale,Melissa Perri,"Perri, Melissa",Denise Tilles,"=""""","=""9798988338024""",0,3.86,,Kindle Edition,301,2023,,,2024/05/04,to-read,to-read (#229),to-read,,,,0,0
32856281,Build Better Products,Laura Klein,"Klein, Laura",,"=""1933820586""","=""9781933820583""",0,4.28,Rosenfeld Media,Paperback,368,2016,,,2024/04/22,to-read,to-read (#228),to-read,,,,0,0
34431412,Collaborative Product Design: Help Any Team Build a Better Experience,Austin Govella,"Govella, Austin",,"=""1491975032""","=""9781491975039""",0,4.12,O'Reilly Media,Paperback,404,2019,,,2024/04/22,to-read,to-read (#227),to-read,,,,0,0
18177290,The User Experience Team of One: A Research and Design Survival Guide,Leah Buley,"Buley, Leah",,"=""1933820187""","=""9781933820187""",0,4.19,Rosenfield Media,Paperback,264,2013,,,2024/04/21,to-read,to-read (#226),to-read,,,,0,0
225111,The Laws of Simplicity,John Maeda,"Maeda, John",,"=""0262134721""","=""9780262134729""",0,3.89,The MIT Press,Hardcover,128,2006,2006,,2024/04/21,to-read,to-read (#225),to-read,,,,0,0
195791688,Burn Book: A Tech Love Story,Kara Swisher,"Swisher, Kara",,"=""1982163895""","=""9781982163891""",0,3.94,Simon & Schuster,Hardcover,305,2024,2024,,2024/04/21,to-read,to-read (#224),to-read,,,,0,0
31409135,The Radium Girls: The Dark Story of America’s Shining Women,Kate  Moore,"Moore, Kate",,"=""149264935X""","=""9781492649359""",0,4.16,Sourcebooks,Hardcover,479,2017,2016,,2024/04/16,to-read,to-read (#223),to-read,,,,0,0
206152,Schrader on Schrader,Kevin Jackson,"Jackson, Kevin",,"=""0571221769""","=""9780571221769""",0,4.14,Faber and Faber,Paperback,336,2004,1990,,2024/03/24,to-read,to-read (#222),to-read,,,,0,0
173302,The Writer's Journey: Mythic Structure for Writers,Christopher Vogler,"Vogler, Christopher",,"=""0941188701""","=""9780941188708""",0,4.10,Michael Wiese Productions,Paperback,326,1998,1992,,2024/03/16,to-read,to-read (#221),to-read,,,,0,0
23790,Short Stories,Anton Chekhov,"Chekhov, Anton",Ralph E. Matlaw,"=""0393090027""","=""9780393090024""",0,4.36,W W Norton & Co Inc,Paperback,384,1979,1932,,2024/03/16,to-read,to-read (#220),to-read,,,,0,0
1027072,The Movie Brats: How the Film Generation Took over Hollywood,Michael Pye,"Pye, Michael",,"=""0030426766""","=""9780030426766""",0,3.80,Henry Holt & Co,Paperback,273,1984,1979,,2024/03/15,to-read,to-read (#219),to-read,,,,0,0
502295,Gonzo: The Life of Hunter S. Thompson,Jann S. Wenner,"Wenner, Jann S.","Corey Seymour, Johnny Depp","=""0316005274""","=""9780316005272""",0,4.10,"Little, Brown and Company",Hardcover,467,2007,2007,,2024/03/06,to-read,to-read (#218),to-read,,,,0,0
252124,The Man Who Ate Everything,Jeffrey Steingarten,"Steingarten, Jeffrey",,"=""0375702024""","=""9780375702020""",0,3.88,Vintage,Paperback,528,1998,1997,,2022/03/09,"cookbooks, to-read","cookbooks (#2), to-read (#217)",to-read,,,,0,0
25173297,Discussing Design: Improving Communication and Collaboration through Critique,Adam Connor,"Connor, Adam",Aaron Irizarry,"=""1491924047""","=""9781491924044""",0,3.85,O'Reilly Media,ebook,150,2015,2015,,2024/02/28,to-read,to-read (#216),to-read,,,,0,0
27272504,Overcomplicated: Technology at the Limits of Comprehension,Samuel Arbesman,"Arbesman, Samuel",,"=""1591847761""","=""9781591847762""",0,3.52,Current,Hardcover,256,2016,2016,,2024/02/28,to-read,to-read (#215),to-read,,,,0,0
39644200,Mismatch: How Inclusion Shapes Design,Kat  Holmes,"Holmes, Kat",John Maeda,"=""0262038889""","=""9780262038881""",0,4.08,The MIT Press,Hardcover,176,2018,2018,,2024/02/28,to-read,to-read (#214),to-read,,,,0,0
29502593,Sense and Respond: How Successful Organizations Listen to Customers and Create New Products Continuously,Jeff Gothelf,"Gothelf, Jeff",Josh Seiden,"=""1633691888""","=""9781633691889""",0,4.02,Harvard Business Review Press,Hardcover,272,2017,2017,2024/02/28,2023/01/25,ux,ux (#22),read,,,,1,0
199346102,Wise Animals: How Technology Has Made Us What We Are,Tom Chatfield,"Chatfield, Tom",,"=""1529079772""","=""9781529079777""",0,3.58,Picador,Kindle Edition,337,2024,,,2024/02/05,to-read,to-read (#213),to-read,,,,0,0
289751,Proust and the Squid: The Story and Science of the Reading Brain,Maryanne Wolf,"Wolf, Maryanne",,"=""0060186399""","=""9780060186395""",0,3.85,Harper,Hardcover,308,2007,2007,,2023/11/24,to-read,to-read (#212),to-read,,,,0,0
76889,100 Selected Poems,E.E. Cummings,"Cummings, E.E.",,"=""0802130720""","=""9780802130723""",0,4.28,Grove Press,Paperback,121,1994,1923,,2023/11/13,to-read,to-read (#211),to-read,,,,0,0
10281070,"Redesigning Leadership (Simplicity: Design, Technology, Business, Life)",John Maeda,"Maeda, John",Rebecca J Bermont,"=""0262015889""","=""9780262015882""",0,3.76,The MIT Press,Hardcover,96,2011,2011,,2023/11/13,to-read,to-read (#210),to-read,,,,0,0
69736,"Thinking with Type: A Critical Guide for Designers, Writers, Editors, and Students",Ellen Lupton,"Lupton, Ellen",,"=""1568984480""","=""9781568984483""",0,4.12,Princeton Architectural Press,Paperback,176,2004,2004,2020/01/01,2023/04/08,ux,ux (#21),read,,,,1,0
51771652,Developing Inclusive Mobile Apps: Building Accessible Apps for iOS and Android,Rob Whitaker,"Whitaker, Rob",,"=""1484258134""","=""9781484258132""",0,4.33,Apress,Paperback,360,2020,,,2023/09/27,to-read,to-read (#209),to-read,,,,0,0
58690362,Scary Smart: The Future of Artificial Intelligence and How You Can Save Our World,Mo Gawdat,"Gawdat, Mo",,"=""""","=""""",0,3.81,Bluebird,ebook,336,2021,2021,,2023/09/23,to-read,to-read (#208),to-read,,,,0,0
30354426,Solve for Happy: Engineer Your Path to Joy,Mo Gawdat,"Gawdat, Mo",,"=""1501157558""","=""9781501157554""",0,3.97,Gallery Books,Hardcover,368,2017,2017,,2023/09/23,to-read,to-read (#207),to-read,,,,0,0
77142,Snow Falling on Cedars,David Guterson,"Guterson, David",,"=""067976402X""","=""9780679764021""",0,3.86,Vintage,Paperback,460,1995,1994,2023/02/11,2022/07/11,to-read,to-read (#206),to-read,,,,1,0
22551809,The Road to Character,David  Brooks,"Brooks, David",,"=""081299325X""","=""9780812993257""",0,3.65,Random House,Hardcover,320,2015,2015,,2023/09/23,to-read,to-read (#205),to-read,,,,0,0
479044,"Gastronaut: Adventures in Food for the Romantic, the Foolhardy, and the Brave – A Hilarious Culinary History of Extreme Cooking and Bizarre Culture",Stefan Gates,"Gates, Stefan",,"=""0156030977""","=""9780156030977""",0,3.30,Harvest,Paperback,272,2006,2005,,2023/09/22,to-read,to-read (#204),to-read,,,,0,0
58950736,The Chaos Machine: The Inside Story of How Social Media Rewired Our Minds and Our World,Max Fisher,"Fisher, Max",,"=""031670332X""","=""9780316703321""",0,4.27,"Little, Brown and Company",Hardcover,400,2022,2022,,2023/09/05,to-read,to-read (#203),to-read,,,,0,0
197519285,The Path to Senior Product Designer: An Actionable Growth Plan for a UX Design Career,Artiom Dashinsky,"Dashinsky, Artiom",,"=""""","=""9798856186924""",0,4.43,Independently published,Paperback,287,2023,,,2023/08/28,to-read,to-read (#202),to-read,,,,0,0
123060682,Oops! Why Things Go Wrong: Understanding and Controlling Error,Niall Downey,"Downey, Niall",,"=""1739789261""","=""9781739789268""",0,4.27,The Liffey Press,Paperback,312,2023,,,2023/08/17,to-read,to-read (#201),to-read,,,,0,0
99602400,What We Do Is Secret: Contemporary Art and the Antinomies of Conspiracy (Sternberg Press / The Antipolitical),Larne Abse Gogarty,"Gogarty, Larne Abse",Hannah Black,"=""3956795628""","=""9783956795626""",0,4.10,Sternberg Press,Paperback,184,2023,,,2023/08/16,to-read,to-read (#200),to-read,,,,0,0
59808190,Your Table Is Ready: Tales of a New York City Maître D',Michael Cecchi-Azzolina,"Cecchi-Azzolina, Michael",,"=""1250281989""","=""9781250281982""",0,3.69,St. Martin's Press,Hardcover,304,2022,2022,,2023/08/09,to-read,to-read (#199),to-read,,,,0,0
213280,Setting the Table: The Transforming Power of Hospitality in Business,Danny  Meyer,"Meyer, Danny",,"=""""","=""""",0,4.04,Harper,Hardcover,336,2006,2006,,2023/08/07,to-read,to-read (#198),to-read,,,,0,0
1780248,Citizen Welles: A Biography of Orson Welles,Frank Brady,"Brady, Frank",,"=""0385267592""","=""9780385267595""",0,3.86,Anchor,Paperback,655,1990,1992,,2023/08/07,to-read,to-read (#197),to-read,,,,0,0
19194562,Onassis: An Extravagant Life,Frank Brady,"Brady, Frank",,"=""""","=""""",0,3.99,NY Creative Publishing,Kindle Edition,246,2013,1978,,2023/08/07,to-read,to-read (#196),to-read,,,,0,0
8264505,Endgame: Bobby Fischer's Remarkable Rise and Fall—From America's Brightest Prodigy to the Edge of Madness,Frank Brady,"Brady, Frank",,"=""0307463907""","=""9780307463906""",0,3.94,Crown,Hardcover,402,2011,2011,,2023/08/07,to-read,to-read (#195),to-read,,,,0,0
25967752,Make it New: A History of Silicon Valley Design,Barry M. Katz,"Katz, Barry M.",,"=""0262029634""","=""9780262029636""",0,3.74,The MIT Press,Hardcover,280,2015,2015,,2023/08/02,to-read,to-read (#194),to-read,,,,0,0
57748024,Misfits: A Personal Manifesto,Michaela Coel,"Coel, Michaela",,"=""1250843456""","=""9781250843456""",0,4.14,Henry Holt and Co.,Kindle Edition,112,2021,2021,,2021/07/18,to-read,to-read (#10),to-read,,,,0,0
22668140,Everything Is Cinema: The Working Life of Jean-Luc Godard,Richard Brody,"Brody, Richard",,"=""""","=""""",0,4.08,Metropolitan Books,Kindle Edition,732,2008,2007,,2023/07/28,to-read,to-read (#193),to-read,,,,0,0
203409,Security Analysis: The Classic 1951 Edition,Benjamin Graham,"Graham, Benjamin",,"=""0071448209""","=""9780071448208""",0,4.30,McGraw Hill,Hardcover,784,2004,1934,,2023/07/25,to-read,to-read (#192),to-read,,,,0,0
52768414,Stranger in the Shogun's City: A Japanese Woman and Her World,Amy Stanley,"Stanley, Amy",,"=""1501188526""","=""9781501188527""",0,3.77,Scribner,Hardcover,352,2020,2020,,2023/07/25,to-read,to-read (#191),to-read,,,,0,0
2557,De Kooning: An American Master,Mark       Stevens,"Stevens, Mark",Annalyn Swan,"=""0375711163""","=""9780375711169""",0,4.13,Alfred A. Knopf,Paperback,732,2006,2004,,2023/07/25,to-read,to-read (#190),to-read,,,,0,0
11958983,Eisenhower in War and Peace,Jean Edward Smith,"Smith, Jean Edward",,"=""140006693X""","=""9781400066933""",0,4.08,Random House,Hardcover,976,2012,2012,,2023/07/25,to-read,to-read (#189),to-read,,,,0,0
350962,Rastersysteme für die visuelle Gestaltung,Josef Muller-Brockmann,"Muller-Brockmann, Josef",,"=""3721201450""","=""9783721201451""",0,4.13,Niggli AG Verlag,Hardcover,176,2007,1996,,2023/07/16,to-read,to-read (#188),to-read,,,,0,0
38821039,The Making of a Manager: What to Do When Everyone Looks to You,Julie Zhuo,"Zhuo, Julie",,"=""0735219567""","=""9780735219564""",0,4.20,Portfolio,Hardcover,336,2019,2019,,2023/07/07,to-read,to-read (#187),to-read,,,,0,0
57247102,"The Hungry Eye: Eating, Drinking, and European Culture from Rome to the Renaissance",Leonard Barkan,"Barkan, Leonard",,"=""069122238X""","=""9780691222387""",0,3.50,Princeton University Press,Kindle Edition,328,2021,,,2023/06/27,to-read,to-read (#186),to-read,,,,0,0
980280,Sketching User Experiences:  Getting the Design Right and the Right Design,Bill Buxton,"Buxton, Bill",,"=""0123740371""","=""9780123740373""",0,3.90,Morgan Kaufmann,Paperback,448,2007,2007,,2023/06/23,to-read,to-read (#185),to-read,,,,0,0
58724758,Four Thousand Weeks: Time Management for Mortals,Oliver Burkeman,"Burkeman, Oliver",,"=""1250849357""","=""9781250849359""",0,4.17,Picador Paper,Paperback,304,2023,2021,,2023/06/11,to-read,to-read (#184),to-read,,,,0,0
75668238,Crying in H Mart,Michelle Zauner,"Zauner, Michelle",,"=""1984898957""","=""9781984898951""",0,4.23,Vintage,Paperback,239,2023,2021,,2023/06/09,to-read,to-read (#183),to-read,,,,0,0
51704136,Little Fires Everywhere,Celeste Ng,"Ng, Celeste",,"=""0143135163""","=""9780143135166""",0,4.07,Penguin Books,Paperback,368,2020,2017,2020/01/01,2021/02/01,,,read,,,,1,0
34696391,Design Is Storytelling,Ellen Lupton,"Lupton, Ellen",,"=""194230319X""","=""9781942303190""",0,3.96,"Cooper Hewitt, Smithsonian Design Museum",Paperback,160,2017,2017,,2023/04/29,to-read,to-read (#182),to-read,,,,0,0
45186993,Outcomes Over Output: Why customer behavior is the key metric for business success,Josh Seiden,"Seiden, Josh",,"=""""","=""""",0,4.33,,Kindle Edition,81,2019,2019,,2023/04/16,to-read,to-read (#181),to-read,,,,0,0
26240629,Draplin Design Co.: Pretty Much Everything,Aaron James Draplin,"Draplin, Aaron James",,"=""1419720171""","=""9781419720178""",0,4.54,Abrams Books,Hardcover,256,2016,2016,,2023/04/08,to-read,to-read (#180),to-read,,,,0,0
59900658,Year of the Tiger: An Activist's Life,Alice  Wong,"Wong, Alice",,"=""0593315391""","=""9780593315392""",0,4.22,Vintage,Paperback,376,2022,2022,,2023/03/16,to-read,to-read (#179),to-read,,,,0,0
46184567,Being Heumann: An Unrepentant Memoir of a Disability Rights Activist,Judith Heumann,"Heumann, Judith",Kristen Joiner,"=""0807019291""","=""9780807019290""",0,4.48,Beacon Press,Hardcover,232,2020,2020,,2023/03/16,to-read,to-read (#178),to-read,,,,0,0
1232,"The Shadow of the Wind (The Cemetery of Forgotten Books, #1)",Carlos Ruiz Zafón,"Zafón, Carlos Ruiz",Lucia Graves,"=""""","=""""",0,4.31,Penguin Books,Paperback,487,2005,2001,,2023/03/16,to-read,to-read (#177),to-read,,,,0,0
61098098,Interfaces and Us: User Experience Design and the Making of the Computable Subject,Zachary Kaiser,"Kaiser, Zachary",,"=""1350245240""","=""9781350245242""",0,4.00,Bloomsbury Visual Arts,Paperback,224,2023,,,2023/03/15,to-read,to-read (#176),to-read,,,,0,0
55810725,Agile Accessibility Handbook: A Practical Guide to Accessible Software Development At Scale,Dylan Barrell,"Barrell, Dylan",,"=""164543477X""","=""9781645434771""",0,4.30,Amplify Publishing,Hardcover,64,2020,,,2023/03/15,to-read,to-read (#175),to-read,,,,0,0
54785515,Four Thousand Weeks: Time Management for Mortals,Oliver Burkeman,"Burkeman, Oliver",,"=""0374159122""","=""9780374159122""",0,4.17,"Farrar, Straus and Giroux",Hardcover,245,2021,2021,,2023/03/05,to-read,to-read (#174),to-read,,,,0,0
1071726,The Peregrine,J.A. Baker,"Baker, J.A.",Robert Macfarlane,"=""""","=""""",0,4.15,NYRB Classics,Paperback,191,2004,1967,,2023/02/11,to-read,to-read (#173),to-read,,,,0,0
432853,Biomimicry: Innovation Inspired by Nature,Janine M. Benyus,"Benyus, Janine M.",,"=""0060533226""","=""9780060533229""",0,4.01,Harper Perennial,Paperback,308,2002,1997,,2023/02/04,to-read,to-read (#172),to-read,,,,0,0
59696349,Build: An Unorthodox Guide to Making Things Worth Making,Tony Fadell,"Fadell, Tony",,"=""1787634116""","=""9781787634114""",0,4.31,Bantam Press,Paperback,416,2022,,,2023/01/29,to-read,to-read (#171),to-read,,,,0,0
26260972,100 More Things Every Designer Needs to Know About People (Voices That Matter),Susan M. Weinschenk,"Weinschenk, Susan M.",,"=""0134196031""","=""9780134196039""",0,4.12,New Riders Pub,Paperback,276,2015,2015,2021/10/17,2021/10/06,ux,ux (#19),read,,,,1,0
10778139,100 Things Every Designer Needs to Know About People,Susan M. Weinschenk,"Weinschenk, Susan M.",,"=""0321767535""","=""9780321767530""",0,4.09,New Riders Pub,Paperback,242,2011,2011,2021/10/01,2021/10/06,ux,ux (#8),read,,,,2,0
24346911,UX Strategy: How to Devise Innovative Digital Products that People Want,Jaime Levy,"Levy, Jaime",,"=""1449372864""","=""9781449372866""",0,3.94,O'Reilly Media,Paperback,310,2015,2014,,2021/10/27,"to-read, ux","to-read (#98), ux (#17)",to-read,,,,0,0
41940285,"User Friendly: How the Hidden Rules of Design Are Changing the Way We Live, Work, and Play",Cliff Kuang,"Kuang, Cliff",Robert Fabricant,"=""""","=""""",0,4.13,MCD,Hardcover,416,2019,2019,2020/01/01,2021/02/01,ux,ux (#15),read,,,,1,0
44098,The Inmates Are Running the Asylum: Why High Tech Products Drive Us Crazy and How to Restore the Sanity,Alan Cooper,"Cooper, Alan",,"=""""","=""""",0,3.94,Sams Publishing,Paperback,255,2004,1999,2021/11/04,2021/11/16,ux,ux (#14),read,,,,1,0
70132,Information Architecture for the World Wide Web: Designing Large-Scale Web Sites,Peter Morville,"Morville, Peter",Louis Rosenfeld,"=""0596527349""","=""9780596527341""",0,3.93,O'Reilly Media,Paperback,526,2007,1998,2019/01/25,2023/01/25,ux,ux (#13),read,,,,1,0
6658783,Rocket Surgery Made Easy: The Do-It-Yourself Guide to Finding and Fixing Usability Problems (Voices That Matter),Steve Krug,"Krug, Steve",,"=""0321657292""","=""9780321657299""",0,4.14,New Riders,Paperback,161,2009,2009,,2023/01/25,"to-read, ux","to-read (#170), ux (#10)",to-read,,,,0,0
39792083,Orchestrating Experiences: Collaborative Design for Complexity,Chris Risdon,"Risdon, Chris","Patrick Quattlebaum, Nick Madden","=""1933820748""","=""9781933820743""",0,4.25,Rosenfeld Media,Kindle Edition,336,2018,,,2023/01/25,"to-read, ux","to-read (#169), ux (#7)",to-read,,,,0,0
22221112,"User Story Mapping: Discover the Whole Story, Build the Right Product",Jeff Patton,"Patton, Jeff",Peter Economy,"=""1491904909""","=""9781491904909""",0,4.19,O'Reilly Media,Paperback,324,2014,2012,,2023/01/25,"to-read, ux","to-read (#168), ux (#6)",to-read,,,,0,0
52013623,How Design Makes the World,Scott Berkun,"Berkun, Scott",,"=""0983873186""","=""9780983873181""",0,4.02,"Berkun Media, LLC",Paperback,210,2020,,,2023/01/25,"to-read, ux","to-read (#167), ux (#5)",to-read,,,,0,0
13017981,The Shape of Design,Frank Chimero,"Chimero, Frank",,"=""""","=""""",0,3.91,shapeofdesignbook.com,,,,2012,,2023/01/20,"to-read, ux","to-read (#166), ux (#4)",to-read,,,,0,0
18114120,Thanks for the Feedback: The Science and Art of Receiving Feedback Well,Douglas Stone,"Stone, Douglas",Sheila Heen,"=""0670014664""","=""9780670014668""",0,4.05,Viking,Hardcover,348,2014,2014,,2022/12/31,to-read,to-read (#165),to-read,,,,0,0
119149,The New Typography,Jan Tschichold,"Tschichold, Jan","Richard Hendel, Ruari McLean, Robin Kinross","=""0520250125""","=""9780520250123""",0,4.13,University of California Press,Paperback,288,2006,1928,,2022/12/31,to-read,to-read (#164),to-read,,,,0,0
6081261,What I Wish I Knew When I Was 20,Tina Seelig,"Seelig, Tina",,"=""0061735191""","=""9780061735196""",0,3.80,HarperOne,Hardcover,184,2009,2009,,2022/12/31,to-read,to-read (#163),to-read,,,,0,0
54866129,Design for Cognitive Bias,David Dylan Thomas,"Thomas, David Dylan",,"=""1937557979""","=""9781937557973""",0,4.38,A Book Apart,Paperback,107,2020,2020,,2022/12/30,to-read,to-read (#162),to-read,,,,0,0
190560,Design for the Real World: Human Ecology and Social Change,Victor Papanek,"Papanek, Victor",,"=""0897331532""","=""9780897331531""",0,4.24,Chicago Review Press,Paperback,416,2005,1972,,2022/12/30,to-read,to-read (#161),to-read,,,,0,0
8459594,"Blood, Bones, and Butter: The Inadvertent Education of a Reluctant Chef",Gabrielle Hamilton,"Hamilton, Gabrielle",,"=""140006872X""","=""9781400068722""",0,3.77,Random House,Hardcover,304,2011,2001,,2022/12/12,to-read,to-read (#160),to-read,,,,0,0
59228261,How To Make The Best Coffee At Home,James Hoffmann,"Hoffmann, James",,"=""1784727245""","=""9781784727246""",0,4.39,Mitchell Beazley,Hardcover,224,2022,2022,,2022/09/18,to-read,to-read (#159),to-read,,,,0,0
42731728,Lost in a Good Game: Why we play video games and what they can do for us,Pete Etchells,"Etchells, Pete",,"=""1785784811""","=""9781785784811""",0,3.72,Icon Books,Paperback,320,2019,,,2022/09/18,to-read,to-read (#158),to-read,,,,0,0
35187167,Superiority Burger Cookbook: The Vegetarian Hamburger Is Now Delicious,Brooks Headley,"Headley, Brooks",,"=""0393253988""","=""9780393253986""",0,4.02,W. W. Norton & Company,Hardcover,224,2018,,,2022/09/17,to-read,to-read (#157),to-read,,,,0,0
31196,The Razor’s Edge,W. Somerset Maugham,"Maugham, W. Somerset",,"=""1400034205""","=""9781400034208""",0,4.20,Vintage International,Paperback,314,2003,1944,,2022/09/12,to-read,to-read (#156),to-read,,,,0,0
44432844,"Ruined by Design: How Designers Destroyed the World, and What We Can Do to Fix It",Mike Monteiro,"Monteiro, Mike",,"=""""","=""""",0,4.11,Mule Books,Kindle Edition,251,2019,,,2022/07/04,to-read,to-read (#155),to-read,,,,0,0
56552909,The Collected Angers: Essays About Design for an Unwilling Audience,Mike Monteiro,"Monteiro, Mike",,"=""0578825910""","=""9780578825915""",0,4.29,Mule Books,Hardcover,256,2021,,,2022/07/04,to-read,to-read (#154),to-read,,,,0,0
49446365,The Fugitivities,Jesse McCarthy,"McCarthy, Jesse",,"=""1612198066""","=""9781612198064""",0,3.68,Melville House,Hardcover,256,2021,2021,,2022/07/04,to-read,to-read (#153),to-read,,,,0,0
302243,Walking Through Clear Water in a Pool Painted Black,Cookie Mueller,"Mueller, Cookie",,"=""0936756616""","=""9780936756615""",0,4.39,Semiotext(e),Paperback,151,1990,1990,,2022/07/04,to-read,to-read (#152),to-read,,,,0,0
26153604,Groovy Bob: The Life and Times of Robert Fraser,Harriet Vyner,"Vyner, Harriet",,"=""0993010393""","=""9780993010392""",0,4.16,Heni Publishing,Paperback,350,2017,2016,,2022/07/04,to-read,to-read (#151),to-read,,,,0,0
40796136,Indian-Ish: Recipes and Antics from a Modern American Family,Priya Krishna,"Krishna, Priya",,"=""1328482472""","=""9781328482471""",0,4.15,Harvest,Hardcover,256,2019,2019,,2022/06/27,to-read,to-read (#150),to-read,,,,0,0
57895733,"Cooking at Home: Or, How I Learned to Stop Worrying About Recipes (And Love My Microwave)",David Chang,"Chang, David",Priya Krishna,"=""1524759252""","=""9781524759254""",0,3.92,Clarkson Potter,Kindle Edition,593,2021,2021,,2022/06/27,to-read,to-read (#149),to-read,,,,0,0
4443485,"The Flavor Bible: The Essential Guide to Culinary Creativity, Based on the Wisdom of America's Most Imaginative Chefs",Andrew Dornenburg,"Dornenburg, Andrew",Karen Page,"=""0316118400""","=""9780316118408""",0,4.07,"Little, Brown and Company",Hardcover,380,2008,2008,,2022/06/22,to-read,to-read (#148),to-read,,,,0,0
36204075,"The Word is Murder (Hawthorne & Horowitz, #1)",Anthony Horowitz,"Horowitz, Anthony",,"=""0062676784""","=""9780062676788""",0,3.92,Harper,Hardcover,400,2018,2017,,2022/06/03,,,read,,,,1,0
4934,The Brothers Karamazov,Fyodor Dostoevsky,"Dostoevsky, Fyodor","Richard Pevear, Larissa Volokhonsky","=""0374528373""","=""9780374528379""",0,4.39,"Farrar, Straus and Giroux",Paperback,796,2002,1880,,2022/06/02,to-read,to-read (#147),to-read,,,,0,0
11336739,"Menu Design in America: A Visual and Culinary History of Graphic Styles and Design, 1850–1985",Jim Heimann,"Heimann, Jim","Steven Heller, John Mariani","=""383652662X""","=""9783836526623""",0,4.19,TASCHEN,Hardcover,391,2011,2011,,2022/05/27,to-read,to-read (#146),to-read,,,,0,0
4543979,Dust and Shadow: An Account of the Ripper Killings by Dr. John H. Watson,Lyndsay Faye,"Faye, Lyndsay",,"=""1416583300""","=""9781416583301""",0,3.99,Simon & Schuster,Hardcover,336,2009,2015,2022/01/01,2021/07/18,,,read,,,,1,0
6487388,Momofuku,David Chang,"Chang, David",Peter Meehan,"=""030745195X""","=""9780307451958""",0,3.94,Clarkson Potter,Hardcover,304,2009,2009,,2022/05/23,to-read,to-read (#145),to-read,,,,0,0
27404461,"Tales from the Loop (Tales from the Loop, #1)",Simon Stålenhag,"Stålenhag, Simon",,"=""9187222213""","=""9789187222214""",0,4.27,Free League Publishing,Hardcover,128,2015,2014,,2022/05/23,to-read,to-read (#144),to-read,,,,0,0
54979228,Confessions of a Recovering Engineer: Transportation for a Strong Town,Charles L. Marohn Jr.,"Jr., Charles L. Marohn",,"=""1119699258""","=""9781119699255""",0,4.22,Wiley,Kindle Edition,258,2021,2021,,2022/05/18,to-read,to-read (#143),to-read,,,,0,0
324074,Science in the Kitchen and the Art of Eating Well (Lorenzo Da Ponte Italian Library),Pellegrino Artusi,"Artusi, Pellegrino","Murtha Baca, Luigi Ballerini","=""0802086578""","=""9780802086570""",0,4.34,University of Toronto Press,Paperback,744,2003,1891,,2022/05/17,to-read,to-read (#142),to-read,,,,0,0
603204,How to Cook Everything: Simple Recipes for Great Food,Mark Bittman,"Bittman, Mark",Alan Witschonke,"=""0028610105""","=""9780028610108""",0,4.00,John Wiley & Sons,Hardcover,960,1998,1998,,2022/05/16,to-read,to-read (#141),to-read,,,,0,0
327847,The Joy of Cooking,Irma S. Rombauer,"Rombauer, Irma S.","Marion Rombauer Becker, Ethan Becker","=""0684818701""","=""9780684818702""",0,4.13,Scribner,Hardcover,1152,1997,1931,,2022/05/16,to-read,to-read (#140),to-read,,,,0,0
1192,Everyday Italian: 125 Simple and Delicious Recipes,Giada De Laurentiis,"Laurentiis, Giada De",,"=""1400052580""","=""9781400052585""",0,3.91,Clarkson Potter ,Hardcover,256,2005,2005,,2022/05/15,to-read,to-read (#139),to-read,,,,0,0
19552,Essentials of Classic Italian Cooking,Marcella Hazan,"Hazan, Marcella",,"=""039458404X""","=""9780394584041""",0,4.07,Knopf Publishing Group,Hardcover,704,2012,1976,,2022/05/15,to-read,to-read (#138),to-read,,,,0,0
34272569,Dining In: Highly Cookable Recipes,Alison Roman,"Roman, Alison",,"=""045149699X""","=""9780451496997""",0,4.18,Clarkson Potter,Hardcover,303,2017,2017,,2022/04/26,to-read,to-read (#137),to-read,,,,0,0
46011237,Nothing Fancy: Unfussy Food for Having People Over,Alison Roman,"Roman, Alison",,"=""0451497023""","=""9780451497024""",0,4.15,Clarkson Potter,Kindle Edition,445,2019,2019,,2022/04/26,to-read,to-read (#136),to-read,,,,0,0
14359338,"Slow Democracy: Rediscovering Community, Bringing Decision Making Back Home",Susan  Clark,"Clark, Susan",Woden Teachout,"=""1603584137""","=""9781603584135""",0,3.87,Chelsea Green Publishing,Paperback,280,2012,2012,,2022/04/17,to-read,to-read (#135),to-read,,,,0,0
52587986,Barcelona Days,Daniel Riley,"Riley, Daniel",,"=""0316362166""","=""9780316362160""",0,2.79,"Little, Brown and Company",Hardcover,384,2020,2020,,2022/04/11,to-read,to-read (#134),to-read,,,,0,0
17869520,Interviewing Users: How to Uncover Compelling Insights,Steve Portigal,"Portigal, Steve",,"=""1933820810""","=""9781933820811""",0,4.13,Rosenfeld Media,Kindle Edition,176,2013,2013,,2021/11/08,"to-read, ux","to-read (#106), ux (#3)",to-read,,,,0,0
25520974,"Articulating Design Decisions: Communicate with Stakeholders, Keep Your Sanity, and Deliver the Best User Experience",Tom Greever,"Greever, Tom",,"=""1491921560""","=""9781491921562""",0,4.14,O'Reilly Media,Paperback,259,2015,2015,,2021/12/13,"to-read, ux","to-read (#115), ux (#2)",to-read,,,,0,0
30014106,UX Research: Practical Techniques for Designing Better Products,Brad Nunnally,"Nunnally, Brad",David Farkas,"=""149195129X""","=""9781491951293""",0,3.68,O'Reilly Media,Paperback,256,2016,2016,,2022/03/31,"to-read, ux","to-read (#133), ux (#1)",to-read,,,,0,0
10639,The Paradox of Choice: Why More Is Less,Barry Schwartz,"Schwartz, Barry",,"=""0060005696""","=""9780060005696""",0,3.83,Harper Perennial,Paperback,265,2005,2004,,2022/03/31,to-read,to-read (#132),to-read,,,,0,0
30753841,"Salt, Fat, Acid, Heat: Mastering the Elements of Good Cooking",Samin Nosrat,"Nosrat, Samin","Wendy MacNaughton, Michael Pollan","=""1476753830""","=""9781476753836""",0,4.39,Simon and Schuster,Hardcover,480,2017,2017,,2022/03/30,to-read,to-read (#131),to-read,,,,0,0
101255,On Food and Cooking: The Science and Lore of the Kitchen,Harold McGee,"McGee, Harold",,"=""0684800012""","=""9780684800011""",0,4.46,Scribner,Hardcover,896,2004,1984,,2022/03/30,"to-read, cookbooks","to-read (#130), cookbooks (#1)",to-read,,,,0,0
51174256,The Immortality Key: Uncovering the Secret History of the Religion with No Name,Brian C. Muraresku,"Muraresku, Brian C.",,"=""1250207142""","=""9781250207142""",0,4.24,St. Martin's Press,Hardcover,352,2020,2020,,2022/03/22,to-read,to-read (#129),to-read,,,,0,0
422448,Voodoo Heart: Stories,Scott Snyder,"Snyder, Scott",,"=""0385338422""","=""9780385338424""",0,4.06,Random House Publishing Group,Paperback,288,2007,2006,,2022/03/16,to-read,to-read (#128),to-read,,,,0,0
53972214,When We Cease to Understand the World,Benjamín Labatut,"Labatut, Benjamín",Adrian Nathan West,"=""1782276122""","=""9781782276128""",0,4.10,Pushkin Press,Hardcover,192,2020,2020,,2022/03/06,to-read,to-read (#127),to-read,,,,0,0
39018271,Batman: The Court of Owls Saga,Scott Snyder,"Snyder, Scott",Greg Capullo,"=""1401284337""","=""9781401284336""",0,4.32,DC Comics,Paperback,320,2018,2011,,2022/03/02,to-read,to-read (#126),to-read,,,,0,0
18101264,The Last of Us: American Dreams,Neil Druckmann,"Druckmann, Neil","Faith Erin Hicks, Rachelle Rosenberg","=""1616552123""","=""9781616552121""",0,3.82,Dark Horse Comics,Paperback,104,2013,2013,,2022/03/02,to-read,to-read (#125),to-read,,,,0,0
25888049,Death by Video Game: Tales of Obsession from the Virtual Frontline,Simon  Parkin,"Parkin, Simon",,"=""1781254214""","=""9781781254219""",0,3.60,Serpent's Tail,Paperback,244,2015,2015,,2022/02/25,to-read,to-read (#124),to-read,,,,0,0
59364082,Rap Capital: An Atlanta Story,Joe Coscarelli,"Coscarelli, Joe",,"=""1982107901""","=""9781982107901""",0,3.94,Simon & Schuster,Kindle Edition,439,2022,,,2022/02/24,to-read,to-read (#123),to-read,,,,0,0
2632830,The Pixar Touch: The Making of a Company,David A.  Price,"Price, David A.",,"=""0307265757""","=""9780307265753""",0,3.95,Knopf,Hardcover,304,2008,2008,,2022/02/16,to-read,to-read (#122),to-read,,,,0,0
40405444,Digital Minimalism: Choosing a Focused Life in a Noisy World,Cal Newport,"Newport, Cal",,"=""0525536515""","=""9780525536512""",0,4.05,Portfolio,Hardcover,284,2019,2019,,2022/02/07,to-read,to-read (#121),to-read,,,,0,0
320,One Hundred Years of Solitude,Gabriel García Márquez,"Márquez, Gabriel García",Gregory Rabassa,"=""""","=""""",0,4.12,Harper,Mass Market Paperback,417,2003,1967,,2022/01/05,to-read,to-read (#120),to-read,,,,0,0
56920684,The Anomaly,Hervé Le Tellier,"Tellier, Hervé Le",Adriana Hunter,"=""1635421691""","=""9781635421699""",0,3.79,Other Press,Paperback,391,2021,2020,,2021/12/28,to-read,to-read (#119),to-read,,,,0,0
53225370,"Graphic Life: Celebrating Places, Telling Stories, Making Symbols",Michael Gericke,"Gericke, Michael","Paul Goldberger, Moshe Safdie","=""186470893X""","=""9781864708936""",0,4.20,The Images Publishing Group,Hardcover,520,2021,,,2021/12/20,to-read,to-read (#118),to-read,,,,0,0
57414926,Wes Lang: Everything,Wes Lang,"Lang, Wes",Arty Nelson Nelson,"=""0847870804""","=""9780847870806""",0,4.75,Rizzoli,Hardcover,256,2021,,,2021/12/16,to-read,to-read (#117),to-read,,,,0,0
381860,Shelter: 40th Anniversary Edition (The Shelter Library of Building Books),Lloyd Kahn,"Kahn, Lloyd",Bob Easton,"=""0936070110""","=""9780936070117""",0,4.50,Shelter Publications,Paperback,176,2000,1973,,2021/12/13,to-read,to-read (#116),to-read,,,,0,0
58085211,The Wok: Recipes and Techniques,J. Kenji López-Alt,"López-Alt, J. Kenji",,"=""0393541215""","=""9780393541212""",0,4.65,W. W. Norton & Company,Hardcover,672,2022,2022,,2021/12/06,to-read,to-read (#114),to-read,,,,0,0
1617621,Juergen Teller Go-Sees,Juergen Teller,"Teller, Juergen",,"=""3908247144""","=""9783908247142""",0,4.15,Scalo Verlag Ac,Hardcover,470,1999,1999,,2021/11/23,to-read,to-read (#113),to-read,,,,0,0
558194,Naive Set Theory (Undergraduate Texts in Mathematics),Paul R. Halmos,"Halmos, Paul R.",,"=""0387900926""","=""9780387900926""",0,4.23,Springer,Hardcover,111,1998,1960,,2021/11/21,to-read,to-read (#112),to-read,,,,0,0
6658488,Dispersion,Seth Price,"Price, Seth",,"=""0981836925""","=""9780981836928""",0,4.26,38th Street Publishers,Paperback,24,2008,2002,,2021/11/21,to-read,to-read (#111),to-read,,,,0,0
43306206,"The Courage to Be Disliked: How to Free Yourself, Change Your Life and Achieve Real Happiness",Ichiro Kishimi,"Kishimi, Ichiro",Fumitake Koga,"=""""","=""""",0,3.91,Allen & Unwin,Paperback,288,2019,2013,,2021/11/16,to-read,to-read (#110),to-read,,,,0,0
6095883,Design as Art,Bruno Munari,"Munari, Bruno",,"=""0141035811""","=""9780141035819""",0,3.97,Penguin Classics,Paperback,224,2009,1966,,2021/11/16,to-read,to-read (#109),to-read,,,,0,0
41057294,Normal People,Sally Rooney,"Rooney, Sally",,"=""1984822179""","=""9781984822178""",0,3.81,Crown,Hardcover,273,2019,2018,2021/01/01,2021/11/16,,,read,,,,1,0
225343,Heartburn,Nora Ephron,"Ephron, Nora",,"=""""","=""""",0,3.62,Random House,Paperback,179,1996,1983,,2021/11/10,to-read,to-read (#108),to-read,,,,0,0
44525985,A History of Art History,Christopher S. Wood,"Wood, Christopher S.",,"=""0691156522""","=""9780691156521""",0,3.59,Princeton University Press,Hardcover,472,2019,,,2021/11/08,to-read,to-read (#107),to-read,,,,0,0
48723859,GLEEM,Freddy Carrasco,"Carrasco, Freddy",,"=""9187325454""","=""9789187325458""",0,4.11,Peow,Paperback,208,2019,2019,,2021/11/07,to-read,to-read (#105),to-read,,,,0,0
79766,"A Pattern Language: Towns, Buildings, Construction (Center for Environmental Structure Series)",Christopher W. Alexander,"Alexander, Christopher W.","Sara Ishikawa, Murray Silverstein, Max  Jacobson, Ingrid Fiksdahl-King, Shlomo Angel","=""0195019199""","=""9780195019193""",0,4.42,Oxford University Press,Hardcover,1171,1977,1977,,2021/11/06,to-read,to-read (#104),to-read,,,,0,0
53141949,The Art of the Last of Us Part II,Naughty Dog,"Dog, Naughty",,"=""1506713769""","=""9781506713762""",0,4.63,Dark Horse Books,Hardcover,200,2020,,,2021/11/06,to-read,to-read (#103),to-read,,,,0,0
52504858,The Art of Death Stranding,Titan Books,"Books, Titan",,"=""178909156X""","=""9781789091564""",0,4.59,Titan Books (UK),Hardcover,256,2019,,,2021/11/06,to-read,to-read (#102),to-read,,,,0,0
36286246,The Art of Metal Gear Solid I-IV,Konami,"Konami, Konami",,"=""1506705812""","=""9781506705811""",0,4.81,Dark Horse Books,Hardcover,800,2018,2018,,2021/10/29,to-read,to-read (#101),to-read,,,,0,0
58145670,Courage Is Calling: Fortune Favors the Brave,Ryan Holiday,"Holiday, Ryan",,"=""0593191676""","=""9780593191675""",0,4.03,Portfolio,Hardcover,278,2021,2021,,2021/10/27,to-read,to-read (#100),to-read,,,,0,0
44144500,"Strategic Writing for UX: Drive Engagement, Conversion, and Retention with Every Word",Torrey  Podmajersky,"Podmajersky, Torrey",,"=""1492049395""","=""9781492049395""",0,4.22,O'Reilly Media,Paperback,192,2019,,,2021/10/27,to-read,to-read (#99),to-read,,,,0,0
6968488,Uncorporate Identity,Daniel Van Der Velden,"Velden, Daniel Van Der","Vinca Kruk, Metahaven","=""3037781696""","=""9783037781692""",0,4.31,Lars Müller,Paperback,608,2010,2009,,2021/10/19,to-read,to-read (#97),to-read,,,,0,0
365660,Visual Thinking,Rudolf Arnheim,"Arnheim, Rudolf",,"=""0520242262""","=""9780520242265""",0,4.07,University of California Press,Paperback,360,2004,1969,,2021/10/06,to-read,to-read (#96),to-read,,,,0,0
656,War and Peace,Leo Tolstoy,"Tolstoy, Leo","Aylmer Maude, Louise Maude","=""0192833987""","=""9780192833983""",0,4.17,Oxford University Press,Paperback,1392,1998,1869,,2021/08/17,to-read,to-read (#95),to-read,,,,0,0
574924,Death in Venice,Thomas Mann,"Mann, Thomas",Stanley Appelbaum,"=""0486287149""","=""9780486287140""",0,3.68,Dover Publications,Paperback,74,1995,1911,2021/01/01,2021/07/18,,,read,,,,1,0
38212112,The Culture of Narcissism: American Life in An Age of Diminishing Expectations,Christopher Lasch,"Lasch, Christopher",,"=""0393356175""","=""9780393356175""",0,3.96,W. W. Norton & Company,Paperback,368,2018,1978,,2021/07/28,to-read,to-read (#94),to-read,,,,0,0
25179,Blankets,Craig Thompson,"Thompson, Craig",,"=""1891830430""","=""9781891830433""",0,4.06,Top Shelf Productions,Paperback,582,2003,2003,,2021/07/25,,,read,,,,1,0
6407014,Stitches: A Memoir,David Small,"Small, David",,"=""0393068579""","=""9780393068573""",0,4.06,W. W. Norton & Company,Hardcover,329,2009,2009,,2021/07/25,,,read,,,,1,0
30753872,The Evangelicals: The Struggle to Shape America,Frances FitzGerald,"FitzGerald, Frances",,"=""1439131333""","=""9781439131336""",0,4.16,Simon & Schuster,Hardcover,752,2017,2017,,2021/07/25,to-read,to-read (#93),to-read,,,,0,0
11466,This Boy's Life,Tobias Wolff,"Wolff, Tobias",,"=""0802136680""","=""9780802136688""",0,3.97,Grove Press,Paperback,304,2000,1989,,2021/07/25,to-read,to-read (#92),to-read,,,,0,0
7821348,Reality is Broken: Why Games Make Us Better and How They Can Change the World,Jane McGonigal,"McGonigal, Jane",,"=""0224089250""","=""9780224089258""",0,3.79,Jonathan Cape,Paperback,354,2011,2010,,2021/07/25,to-read,to-read (#91),to-read,,,,0,0
40163119,Say Nothing: A True Story of Murder and Memory in Northern Ireland,Patrick Radden Keefe,"Keefe, Patrick Radden",,"=""0385521316""","=""9780385521314""",0,4.47,Doubleday,Hardcover,441,2019,2018,,2021/07/25,to-read,to-read (#90),to-read,,,,0,0
111310,Marc Jacobs (Memoire),Bridget Foley,"Foley, Bridget",,"=""2843236304""","=""9782843236303""",0,3.42,Assouline Publishing,Hardcover,80,2004,2004,,2021/07/25,to-read,to-read (#89),to-read,,,,0,0
54776128,Stay Inspired: Finding Motivation for Your Creative Work,Brandon Stosuy,"Stosuy, Brandon",,"=""1419746529""","=""9781419746529""",0,3.74,Harry N. Abrams,Paperback,144,2021,,,2021/07/25,to-read,to-read (#88),to-read,,,,0,0
51075381,Make Time for Creativity: Finding Space for Your Most Meaningful Work (A Self-Guide),Brandon Stosuy,"Stosuy, Brandon",,"=""1419746537""","=""9781419746536""",0,3.69,Harry N. Abrams,Paperback,144,2020,,,2021/07/25,to-read,to-read (#87),to-read,,,,0,0
45319864,The Twittering Machine,Richard Seymour,"Seymour, Richard",,"=""1999683382""","=""9781999683382""",0,3.97,The Indigo Press,Paperback,250,2019,2019,,2021/07/25,to-read,to-read (#86),to-read,,,,0,0
274392,"Black Skin, White Masks",Frantz Fanon,"Fanon, Frantz",Charles L. Markmann,"=""0802150845""","=""9780802150844""",0,4.26,Grove,Paperback,232,1994,1952,,2021/07/25,to-read,to-read (#85),to-read,,,,0,0
215656,Capturing Sound: How Technology Has Changed Music,Mark Katz,"Katz, Mark",,"=""0520243803""","=""9780520243804""",0,4.10,University of California Press,Paperback,276,2004,2004,,2021/07/25,to-read,to-read (#84),to-read,,,,0,0
13269,The Poetics of Space,Gaston Bachelard,"Bachelard, Gaston","Maria Jolas, John R. Stilgoe","=""0807064734""","=""9780807064733""",0,4.18,Beacon,Paperback,282,1994,1957,,2021/07/25,to-read,to-read (#83),to-read,,,,0,0
111113,Interaction of Color,Josef Albers,"Albers, Josef",Nicholas Fox Weber,"=""0300115954""","=""9780300115956""",0,3.91,Yale University Press,Paperback,160,2006,1963,,2021/07/25,to-read,to-read (#82),to-read,,,,0,0
168642,In Cold Blood,Truman Capote,"Capote, Truman",,"=""0679745580""","=""9780679745587""",0,4.09,Vintage,Paperback,343,1994,1966,,2021/07/25,,,read,,,,1,0
42270835,The Nickel Boys,Colson Whitehead,"Whitehead, Colson",,"=""""","=""""",0,4.25,Doubleday,ebook,213,2019,2019,,2021/07/25,to-read,to-read (#81),to-read,,,,0,0
79834,Lust for Life,Irving Stone,"Stone, Irving",,"=""0099416425""","=""9780099416425""",0,4.28,Arrow,Paperback,431,1990,1934,,2021/07/25,to-read,to-read (#80),to-read,,,,0,0
328802,Totto-chan: The Little Girl at the Window,Tetsuko Kuroyanagi,"Kuroyanagi, Tetsuko","Chihiro Iwasaki, Dorothy Britton","=""4770020678""","=""9784770020673""",0,4.40,Kodansha USA,Paperback,232,1996,1981,,2021/07/25,to-read,to-read (#79),to-read,,,,0,0
53122429,If I Had Two Wings,Randall Kenan,"Kenan, Randall",,"=""1324005467""","=""9781324005469""",0,3.83,W. W. Norton  Company,Hardcover,224,2020,2020,,2021/07/25,to-read,to-read (#78),to-read,,,,0,0
41153167,The Wild Kindness; A Psilocybin Odyssey,Bett Williams,"Williams, Bett",,"=""""","=""""",0,4.08,978-1948340311,Paperback,280,2020,2020,,2021/07/25,to-read,to-read (#77),to-read,,,,0,0
19132,Food Politics: How the Food Industry Influences Nutrition and Health (Volume 3) (California Studies in Food and Culture),Marion Nestle,"Nestle, Marion",,"=""0520240677""","=""9780520240674""",0,3.94,University of California Press,Paperback,472,2003,2002,,2021/07/25,to-read,to-read (#76),to-read,,,,0,0
1162193,La Technique: An Illustrated Guide to the Fundamental Techniques of Cooking,Jacques Pépin,"Pépin, Jacques",Léon Perer,"=""0671707116""","=""9780671707118""",0,4.55,Pocket Books,Paperback,470,1989,1976,,2021/07/25,to-read,to-read (#75),to-read,,,,0,0
18796,In Search of Lost Time,Marcel Proust,"Proust, Marcel","C.K. Scott Moncrieff, Terence Kilmartin, Andreas Mayor, D.J. Enright","=""0812969642""","=""9780812969641""",0,4.34,Modern Library,Paperback,4211,2003,1913,,2021/07/25,to-read,to-read (#74),to-read,,,,0,0
52756452,Butch Cassidy: The True Story of an American Outlaw,Charles Leerhsen,"Leerhsen, Charles",,"=""1501117483""","=""9781501117480""",0,3.64,Simon  Schuster,Hardcover,304,2020,2020,,2021/07/25,to-read,to-read (#73),to-read,,,,0,0
10846336,Salvage the Bones,Jesmyn Ward,"Ward, Jesmyn",,"=""1608195228""","=""9781608195220""",0,3.96,Bloomsbury,Hardcover,261,2011,2011,,2021/07/25,to-read,to-read (#72),to-read,,,,0,0
149267,The Stand,Stephen  King,"King, Stephen",Bernie Wrightson,"=""""","=""""",0,4.35,Doubleday Books,Hardcover,1152,1990,1978,,2021/07/25,to-read,to-read (#71),to-read,,,,0,0
45726355,Seven Samurai Swept Away in a River,Young-moon Jung,"Jung, Young-moon",Jung Yewon,"=""1941920853""","=""9781941920855""",0,3.55,Deep Vellum Publishing,Paperback,112,2019,2019,,2021/07/25,to-read,to-read (#70),to-read,,,,0,0
40923,"Theodore Rex  (Theodore Roosevelt, #2)",Edmund  Morris,"Morris, Edmund",,"=""0812966007""","=""9780812966008""",0,4.19,Random House Trade Paperbacks,Paperback,772,2002,2001,,2021/07/25,to-read,to-read (#69),to-read,,,,0,0
17290734,"27: A History of the 27 Club Through the Lives of Brian Jones, Jim Morrison, Janis Joplin, Jimi Hendrix, Kurt Cobain, and Amy Winehouse",Howard Sounes,"Sounes, Howard",,"=""0306821680""","=""9780306821684""",0,3.57,Da Capo Press,Hardcover,384,2013,2013,,2021/07/20,to-read,to-read (#68),to-read,,,,0,0
49872803,How to Be an Artist,Jerry Saltz,"Saltz, Jerry",,"=""0593086465""","=""9780593086469""",0,3.94,Riverhead Books,Hardcover,144,2020,2020,,2021/07/19,to-read,to-read (#67),to-read,,,,0,0
251264,Culture and Anarchy,Matthew Arnold,"Arnold, Matthew",Jane Garnett,"=""0192805118""","=""9780192805119""",0,3.40,Oxford University Press,Paperback,272,2006,1869,,2021/07/19,to-read,to-read (#66),to-read,,,,0,0
48773666,And Their Children After Them,Nicolas Mathieu,"Mathieu, Nicolas",William Rodarmor,"=""""","=""9781892746771""",0,3.88,Other Press,Paperback,416,2020,2018,,2021/07/19,to-read,to-read (#65),to-read,,,,0,0
26254947,How to Murder Your Life,Cat Marnell,"Marnell, Cat",,"=""0091957354""","=""9780091957353""",0,3.88,Ebury Press,Hardcover,384,2017,2017,,2021/07/19,to-read,to-read (#64),to-read,,,,0,0
95420,Personal History: A Memoir,Katharine Graham,"Graham, Katharine",,"=""0375701044""","=""9780375701047""",0,4.09,Vintage,Paperback,642,1998,1997,,2021/07/19,to-read,to-read (#63),to-read,,,,0,0
26901,Seeing Is Forgetting the Name of the Thing One Sees: A Life of Contemporary Artist Robert Irwin,Lawrence Weschler,"Weschler, Lawrence",,"=""0520049209""","=""9780520049208""",0,4.34,University of California Press,Paperback,215,1982,1982,,2021/07/19,to-read,to-read (#62),to-read,,,,0,0
39863398,Why You Like It: The Science and Culture of Musical Taste,Nolan Gasser,"Gasser, Nolan",,"=""1250057191""","=""9781250057198""",0,3.25,Flatiron Books,Hardcover,720,2019,2019,,2021/07/19,to-read,to-read (#61),to-read,,,,0,0
29363252,"Conflict Is Not Abuse: Overstating Harm, Community Responsibility, and the Duty of Repair",Sarah Schulman,"Schulman, Sarah",,"=""1551526433""","=""9781551526430""",0,3.83,Arsenal Pulp Press,Paperback,299,2016,2016,,2021/07/19,to-read,to-read (#60),to-read,,,,0,0
13258,What Was She Thinking? [Notes on a Scandal],Zoë Heller,"Heller, Zoë",,"=""0312421990""","=""9780312421991""",0,3.74,Picador,Paperback,258,2003,2003,,2021/07/19,to-read,to-read (#59),to-read,,,,0,0
211855,A Night of Serious Drinking,René Daumal,"Daumal, René",,"=""0715632752""","=""9780715632758""",0,3.86,"Gerald Duckworth & Company, Ltd.",Paperback,121,2004,1938,,2021/07/19,to-read,to-read (#58),to-read,,,,0,0
31159192,All the Rivers,Dorit Rabinyan,"Rabinyan, Dorit",Jessica Cohen,"=""0375508295""","=""9780375508295""",0,3.75,Random House,Hardcover,264,2017,2014,,2021/07/19,to-read,to-read (#57),to-read,,,,0,0
3876,The Sun Also Rises,Ernest Hemingway,"Hemingway, Ernest",,"=""""","=""""",0,3.79,Pan Books,Paperback,189,1957,1926,,2021/07/19,to-read,to-read (#56),to-read,,,,0,0
2666,The Bonfire of the Vanities,Tom Wolfe,"Wolfe, Tom",,"=""""","=""""",0,3.93,Dial Press Trade Paperback,Paperback,690,2001,1987,,2021/07/19,to-read,to-read (#55),to-read,,,,0,0
26195941,The Age of Surveillance Capitalism: The Fight for a Human Future at the New Frontier of Power,Shoshana Zuboff,"Zuboff, Shoshana",,"=""1610395697""","=""9781610395694""",0,4.05,PublicAffairs,Hardcover,691,2019,2018,,2021/07/19,to-read,to-read (#54),to-read,,,,0,0
9915,Less Than Zero,Bret Easton Ellis,"Ellis, Bret Easton",Rachel Kushner,"=""""","=""""",0,3.61,Vintage Books,Paperback,208,2010,1985,,2021/07/19,to-read,to-read (#53),to-read,,,,0,0
20613582,10:04,Ben Lerner,"Lerner, Ben",,"=""0865478104""","=""9780865478107""",0,3.77,"Farrar, Straus and Giroux",Hardcover,256,2014,2014,,2021/07/18,to-read,to-read (#52),to-read,,,,0,0
12014,Complicity,Iain Banks,"Banks, Iain",,"=""0349105715""","=""9780349105710""",0,3.92,Abacus,Paperback,313,2003,1993,,2021/07/18,to-read,to-read (#51),to-read,,,,0,0
45013049,Antkind,Charlie Kaufman,"Kaufman, Charlie",,"=""""","=""""",0,3.72,Fourth Estate,ebook,720,2020,2020,,2021/07/18,to-read,to-read (#50),to-read,,,,0,0
14618457,Success By Design: The Essential Business Reference for Designers,David Sherwin,"Sherwin, David",,"=""144031022X""","=""9781440310225""",0,4.10,HOW Books,Paperback,304,2012,2012,,2021/07/18,to-read,to-read (#49),to-read,,,,0,0
28514478,Who Rules the World? (American Empire Project),Noam Chomsky,"Chomsky, Noam",,"=""162779381X""","=""9781627793810""",0,4.05,Metropolitan Books/Henry Holt & Co. (NYC),Hardcover,320,2016,2014,,2021/07/18,to-read,to-read (#48),to-read,,,,0,0
12614,The Chomsky-Foucault Debate: On Human Nature,Noam Chomsky,"Chomsky, Noam","Michel Foucault, John Rajchman","=""1595581340""","=""9781595581341""",0,3.92,The New Press,Paperback,213,2006,1974,,2021/07/18,to-read,to-read (#47),to-read,,,,0,0
41580312,Be Here Now,Ram Dass,"Dass, Ram",,"=""""","=""""",0,4.34,HarperOne,Kindle Edition,116,2010,1971,,2021/07/18,to-read,to-read (#46),to-read,,,,0,0
52392401,Becoming Nobody: The Essential Ram Dass Collection,Ram Dass,"Dass, Ram",,"=""1683646266""","=""9781683646266""",0,4.47,Sounds True,Audio CD,0,2019,,,2021/07/18,to-read,to-read (#45),to-read,,,,0,0
22590,Ubik,Philip K. Dick,"Dick, Philip K.",,"=""8498000831""","=""9788498000832""",0,4.11,La factoría de ideas,Paperback,288,2004,1969,,2021/07/18,to-read,to-read (#44),to-read,,,,0,0
15374,The Ice Storm,Rick Moody,"Moody, Rick",,"=""0316706000""","=""9780316706001""",0,3.64,"Little, Brown Paperbacks",Paperback,305,2002,1994,,2021/07/18,to-read,to-read (#43),to-read,,,,0,0
51822833,The Lightness,Emily  Temple,"Temple, Emily",,"=""0062905325""","=""9780062905321""",0,3.41,William Morrow,Hardcover,288,2020,2020,,2021/07/18,to-read,to-read (#42),to-read,,,,0,0
63032,2666,Roberto Bolaño,"Bolaño, Roberto",,"=""843396867X""","=""9788433968678""",0,4.22,Anagrama,Paperback,1128,2004,2004,,2021/07/18,to-read,to-read (#41),to-read,,,,0,0
54814676,Crying in H Mart,Michelle Zauner,"Zauner, Michelle",,"=""0525657746""","=""9780525657743""",0,4.23,Knopf,Hardcover,256,2021,2021,,2021/07/18,to-read,to-read (#40),to-read,,,,0,0
54776142,It Never Ends: A Memoir with Nice Memories!,Tom Scharpling,"Scharpling, Tom",,"=""1419747924""","=""9781419747922""",0,4.21,Harry N. Abrams,Hardcover,288,2021,2021,,2021/07/18,to-read,to-read (#39),to-read,,,,0,0
2509481,The Night of the Gun,David Carr,"Carr, David",,"=""1416541527""","=""9781416541523""",0,3.82,Simon & Schuster,Hardcover,385,2008,2008,,2021/07/18,to-read,to-read (#38),to-read,,,,0,0
44891,The Kid Stays in the Picture,Robert  Evans,"Evans, Robert",,"=""0571219314""","=""9780571219315""",0,3.97,Faber & Faber,Paperback,462,2004,1994,,2021/07/18,to-read,to-read (#37),to-read,,,,0,0
33268384,"iGen: Why Today’s Super-Connected Kids Are Growing Up Less Rebellious, More Tolerant, Less Happy--and Completely Unprepared for Adulthood--and What That Means for the Rest of Us",Jean M. Twenge,"Twenge, Jean M.",,"=""1501151983""","=""9781501151989""",0,3.78,Atria Books,Hardcover,352,2017,2017,,2021/07/18,to-read,to-read (#36),to-read,,,,0,0
4069,Man's Search for Meaning,Viktor E. Frankl,"Frankl, Viktor E.","Harold S. Kushner, William J. Winslade, Isle Lasch","=""080701429X""","=""9780807014295""",0,4.37,Beacon Press,Paperback,165,2006,1946,,2021/07/18,to-read,to-read (#35),to-read,,,,0,0
18528190,Men Explain Things to Me,Rebecca Solnit,"Solnit, Rebecca",,"=""1608463869""","=""9781608463862""",0,3.83,Haymarket Books,Paperback,130,2014,2014,,2021/07/18,to-read,to-read (#34),to-read,,,,0,0
113206,Lenin's Tomb: The Last Days of the Soviet Empire,David Remnick,"Remnick, David",,"=""0679751254""","=""9780679751250""",0,4.26,Vintage,Paperback,588,1994,1994,,2021/07/18,to-read,to-read (#33),to-read,,,,0,0
23426,On Love,Alain de Botton,"Botton, Alain de",,"=""0802142400""","=""9780802142405""",0,3.95,Grove Press,Paperback,194,2006,1993,,2021/07/18,to-read,to-read (#32),to-read,,,,0,0
25816741,Meet Me in the Bathroom: Rebirth and Rock and Roll in New York City 2001-2011,Lizzy Goodman,"Goodman, Lizzy",,"=""0062233092""","=""9780062233097""",0,4.13,Dey Street Books,Hardcover,622,2017,2017,,2021/07/18,to-read,to-read (#31),to-read,,,,0,0
50403499,Just Us: An American Conversation,Claudia Rankine,"Rankine, Claudia",,"=""1644450216""","=""9781644450215""",0,4.34,Graywolf Press,Hardcover,352,2020,2020,,2021/07/18,to-read,to-read (#30),to-read,,,,0,0
20613761,Citizen: An American Lyric,Claudia Rankine,"Rankine, Claudia",,"=""1555976905""","=""9781555976903""",0,4.25,Graywolf Press,Paperback,169,2014,2014,,2021/07/18,to-read,to-read (#29),to-read,,,,0,0
29633913,"Emergent Strategy: Shaping Change, Changing Worlds (Emergent Strategy, #0)",Adrienne Maree Brown,"Brown, Adrienne Maree",,"=""1849352607""","=""9781849352604""",0,4.25,AK Press,Paperback,280,2017,2017,,2021/07/18,to-read,to-read (#28),to-read,,,,0,0
22005475,"Less but Better / Weniger, aber besser",Dieter Rams,"Rams, Dieter",,"=""3899555252""","=""9783899555257""",0,4.29,gestalten,Mass Market Paperback,154,2021,1995,,2021/07/18,to-read,to-read (#27),to-read,,,,0,0
1203253,Towards a New Museum,Victoria Newhouse,"Newhouse, Victoria",,"=""1885254601""","=""9781885254603""",0,3.80,The Monacelli Press,Paperback,288,1998,1998,,2021/07/18,,,read,,,,1,0
56637945,The Night the Lights Went Out: A Memoir of Life After Brain Damage,Drew Magary,"Magary, Drew",,"=""0593232712""","=""9780593232712""",0,4.00,Potter/Ten Speed/Harmony/Rodale,Hardcover,288,2021,2021,,2021/07/18,to-read,to-read (#26),to-read,,,,0,0
55334728,Tom Sachs: Handmade Paintings,David Rimanelli,"Rimanelli, David",Naomi Fry,"=""0847870286""","=""9780847870288""",0,3.67,Rizzoli,Hardcover,180,2021,,,2021/07/18,to-read,to-read (#25),to-read,,,,0,0
8086216,Plenty,Yotam Ottolenghi,"Ottolenghi, Yotam",,"=""0091933684""","=""9780091933685""",0,4.13,"Ebury Publishing, Random House",Hardcover,288,2010,2010,,2021/07/18,to-read,to-read (#24),to-read,,,,0,0
5633364,On Kindness,Adam Phillips,"Phillips, Adam",Barbara Taylor,"=""0374226504""","=""9780374226503""",0,3.54,"Farrar, Straus and Giroux",Hardcover,128,2009,2009,,2021/07/18,to-read,to-read (#23),to-read,,,,0,0
2784,Ways of Seeing,John Berger,"Berger, John",,"=""0140135154""","=""9780140135152""",0,3.94,Penguin,Paperback,176,1990,1972,,2021/07/18,to-read,to-read (#22),to-read,,,,0,0
11107324,The Art of Cruelty: A Reckoning,Maggie Nelson,"Nelson, Maggie",,"=""0393072150""","=""9780393072150""",0,4.21,W. W. Norton & Company,Hardcover,304,2011,2011,,2021/07/18,to-read,to-read (#21),to-read,,,,0,0
6798263,Bluets,Maggie Nelson,"Nelson, Maggie",,"=""1933517409""","=""9781933517407""",0,4.04,Wave Books,Paperback,112,2009,2009,,2021/07/18,to-read,to-read (#20),to-read,,,,0,0
70134,Towards a New Architecture,Le Corbusier,"Corbusier, Le",,"=""0486250237""","=""9780486250236""",0,3.93,Dover Publications,Paperback,289,1985,1923,,2021/07/18,to-read,to-read (#19),to-read,,,,0,0
35881008,The Efficiency Paradox: What Big Data Can't Do,Edward Tenner,"Tenner, Edward",,"=""1400041392""","=""9781400041398""",0,3.27,Knopf,Hardcover,320,2018,2018,,2021/07/18,to-read,to-read (#18),to-read,,,,0,0
25734304,Throwing Rocks at the Google Bus: How Growth Became the Enemy of Prosperity,Douglas Rushkoff,"Rushkoff, Douglas",,"=""1617230170""","=""9781617230172""",0,3.84,Portfolio,Hardcover,288,2016,2016,,2021/07/18,to-read,to-read (#17),to-read,,,,0,0
426504,Ficciones,Jorge Luis Borges,"Borges, Jorge Luis","Anthony Kerrigan, Anthony Bonner","=""0802130305""","=""9780802130303""",0,4.40,Grove Press,Paperback,174,1994,1944,,2021/07/18,to-read,to-read (#16),to-read,,,,0,0
265987,Malina,Ingeborg Bachmann,"Bachmann, Ingeborg","Philip Boehm, Rachel Kushner","=""0841911894""","=""9780841911895""",0,4.04,Holmes & Meier Publishers,Paperback,244,1990,1971,,2021/07/18,to-read,to-read (#15),to-read,,,,0,0
11989,The Plague,Albert Camus,"Camus, Albert",Stuart Gilbert,"=""""","=""""",0,4.02,Vintage International,Paperback,308,1991,1947,,2021/07/18,to-read,to-read (#14),to-read,,,,0,0
33375622,Her Body and Other Parties: Stories,Carmen Maria Machado,"Machado, Carmen Maria",,"=""155597788X""","=""9781555977887""",0,3.80,Graywolf Press,Paperback,248,2017,2017,,2021/07/18,to-read,to-read (#13),to-read,,,,0,0
11455485,Satantango,László Krasznahorkai,"Krasznahorkai, László",George Szirtes,"=""0811217345""","=""9780811217347""",0,4.08,New Directions,Hardcover,274,2012,1985,,2021/07/18,to-read,to-read (#12),to-read,,,,0,0
40308171,"No Beast So Fierce: The Terrifying True Story of the Champawat Tiger, the Deadliest Man-Eater in History",Dane Huckelbridge,"Huckelbridge, Dane",,"=""0062678841""","=""9780062678843""",0,3.84,Mariner Books,Hardcover,304,2019,2019,,2021/07/18,to-read,to-read (#11),to-read,,,,0,0
3711,White Teeth,Zadie Smith,"Smith, Zadie",,"=""0375703861""","=""9780375703867""",0,3.79,Vintage,Paperback,448,2001,2000,,2021/07/18,to-read,to-read (#9),to-read,,,,0,0
43126457,Trick Mirror: Reflections on Self-Delusion,Jia Tolentino,"Tolentino, Jia",,"=""0525510540""","=""9780525510543""",0,4.02,Random House,Hardcover,303,2019,2019,,2021/07/18,to-read,to-read (#8),to-read,,,,0,0
34146472,Literally Show Me a Healthy Person,Darcie Wilder,"Wilder, Darcie",,"=""""","=""""",0,3.53,Tyrant Books,Unknown Binding,97,2017,2017,,2021/07/18,to-read,to-read (#7),to-read,,,,0,0
33401357,EEG,Daša Drndić,"Drndić, Daša",,"=""""","=""""",0,4.17,Fraktura,Unknown Binding,415,2016,2016,,2021/07/18,to-read,to-read (#6),to-read,,,,0,0
394535,"Blood Meridian, or, the Evening Redness in the West",Cormac McCarthy,"McCarthy, Cormac",,"=""""","=""""",0,4.15,Vintage Books,Paperback,351,2010,1985,,2021/07/18,to-read,to-read (#5),to-read,,,,0,0
12497,No Country for Old Men,Cormac McCarthy,"McCarthy, Cormac",,"=""""","=""""",0,4.17,Knopf Doubleday Publishing Group,Paperback,309,2006,2005,,2021/07/18,to-read,to-read (#4),to-read,,,,0,0
21965107,The Children Act,Ian McEwan,"McEwan, Ian",,"=""0385539703""","=""9780385539708""",0,3.74,Nan A. Talese,Hardcover,221,2014,2014,,2021/07/18,,,read,,,,1,0
815309,On Chesil Beach,Ian McEwan,"McEwan, Ian",,"=""0224081187""","=""9780224081184""",0,3.62,Jonathan Cape,Hardcover,166,2007,2007,,2021/07/18,,,read,,,,1,0
30008702,Nutshell,Ian McEwan,"McEwan, Ian",,"=""""","=""""",0,3.68,Nan A. Talese,Hardcover,208,2016,2016,,2021/07/18,,,read,,,,1,0
13503109,This Is How You Lose Her,Junot Díaz,"Díaz, Junot",,"=""1594487367""","=""9781594487361""",0,3.74,Riverhead Books,Hardcover,217,2012,2010,,2021/07/18,,,read,,,,1,0
36373372,Ohio,Stephen Markley,"Markley, Stephen",,"=""1501174479""","=""9781501174476""",0,3.88,Simon & Schuster,Hardcover,484,2018,2018,2021/07/15,2021/07/01,,,read,,,,1,0
28015606,The Grown Up,Gillian Flynn,"Flynn, Gillian",,"=""""","=""""",0,3.55,Weidenfeld & Nicholson,Paperback,67,2015,2014,2021/07/01,2021/07/01,,,read,,,,1,0
23425,Status Anxiety (Vintage International),Alain de Botton,"Botton, Alain de",,"=""0375725350""","=""9780375725357""",0,3.89,Vintage,Paperback,306,2005,2004,2021/06/10,2021/06/11,,,read,,,,1,0
2052,"The Big Sleep (Philip Marlowe, #1)",Raymond Chandler,"Chandler, Raymond",,"=""""","=""""",0,3.94,Vintage Crime,Paperback,231,1988,1939,2021/06/04,2021/06/05,,,read,,,,1,0
30555488,The Underground Railroad,Colson Whitehead,"Whitehead, Colson",,"=""0385542364""","=""9780385542364""",0,4.06,Doubleday,Hardcover,306,2016,2016,2021/05/21,2021/05/23,,,read,,,,1,0
2165,The Old Man and the Sea,Ernest Hemingway,"Hemingway, Ernest",,"=""0684830493""","=""9780684830490""",0,3.81,Scribner,Hardcover,96,1996,1952,2021/05/21,2021/05/23,,,read,,,,1,0
36613747,How to Change Your Mind: The New Science of Psychedelics,Michael Pollan,"Pollan, Michael",,"=""0241294223""","=""9780241294222""",0,4.27,ALLEN LANE,Hardcover,480,2018,2018,2021/05/13,2021/05/14,,,read,,,,1,0
63033,The Savage Detectives,Roberto Bolaño,"Bolaño, Roberto",Natasha Wimmer,"=""0374191484""","=""9780374191481""",0,4.18,"Farrar, Straus and Giroux",Hardcover,577,2007,1998,,2021/05/12,,,read,,,,1,0
28921,The Remains of the Day,Kazuo Ishiguro,"Ishiguro, Kazuo",,"=""""","=""""",0,4.14,Faber & Faber,Paperback,258,2005,1989,2021/01/01,2021/05/10,,,read,,,,1,0
6288,The Road,Cormac McCarthy,"McCarthy, Cormac",,"=""0307265439""","=""9780307265432""",0,4.00,Alfred A. Knopf,Hardcover,241,2006,2006,,2021/04/27,,,read,,,,1,0
1381,The Odyssey,Homer,"Homer, Homer","Robert Fagles, Bernard Knox","=""0143039954""","=""9780143039952""",0,3.84,Penguin Classics ,Paperback,541,2006,-800,,2021/04/27,,,read,,,,1,0
17245,Dracula,Bram Stoker,"Stoker, Bram","Rubén Toledo, Nina Auerbach, David J. Skal","=""0393970124""","=""9780393970128""",0,4.02,Norton,Paperback,488,1986,1897,,2021/04/27,,,read,,,,1,0
5886881,Dark Places,Gillian Flynn,"Flynn, Gillian",,"=""0307341569""","=""9780307341563""",0,3.94,Shaye Areheart Books,Hardcover,424,2009,2009,2021/01/01,2021/04/27,,,read,,,,1,0
297673,The Brief Wondrous Life of Oscar Wao,Junot Díaz,"Díaz, Junot",,"=""1594489580""","=""9781594489587""",0,3.89,Riverhead Books,Hardcover,335,2007,2007,,2021/04/14,,,read,,,,1,0
6867,Atonement,Ian McEwan,"McEwan, Ian",,"=""""","=""""",0,3.95,Anchor Books,Paperback,351,2003,2001,,2021/04/14,,,read,,,,1,0
12991188,Train Dreams,Denis Johnson,"Johnson, Denis",,"=""1250007658""","=""9781250007650""",0,3.89,Picador Paper,Paperback,116,2012,2002,2021/01/01,2021/04/14,,,read,,,,1,0
43565369,The Topeka School,Ben Lerner,"Lerner, Ben",,"=""0374277788""","=""9780374277789""",0,3.51,"Farrar, Straus and Giroux",Hardcover,282,2019,2019,2021/04/14,2021/04/12,,,read,,,,1,0
62805,The Sound of Waves,Yukio Mishima,"Mishima, Yukio",,"=""""","=""""",0,3.77,Vintage Classics,Paperback,183,2000,1954,2021/01/01,2021/04/12,,,read,,,,1,0
52260627,"The Committed (The Sympathizer, #2)",Viet Thanh Nguyen,"Nguyen, Viet Thanh",,"=""0802157068""","=""9780802157065""",0,3.96,Grove Press,Hardcover,345,2021,2021,2021/01/01,2021/04/12,,,read,,,,1,0
4573498,The Gardner Heist: The True Story of the World's Largest Unsolved Art Theft,Ulrich Boser,"Boser, Ulrich",,"=""0061451835""","=""9780061451836""",0,3.69,Smithsonian,Hardcover,272,2009,2009,2021/01/01,2021/04/12,,,read,,,,1,0
36047860,Milkman,Anna Burns,"Burns, Anna",,"=""0571338763""","=""9780571338764""",0,3.53,Faber & Faber,Kindle Edition,352,2018,2018,2021/03/01,2021/02/01,,,read,,,,1,0
13546114,The Noonday Demon: An Atlas of Depression,Andrew Solomon,"Solomon, Andrew",Barrett Whitener,"=""1442353538""","=""9781442353534""",0,4.19,Simon  Schuster Audio,Audiobook,,2012,2000,2021/01/01,2021/02/28,,,read,,,,1,0
16071701,"Bad Monkey (Andrew Yancy, #1)",Carl Hiaasen,"Hiaasen, Carl",,"=""0307272591""","=""9780307272591""",0,3.76,Knopf,Hardcover,337,2013,2013,2021/01/01,2021/02/28,,,read,,,,1,0
865,The Alchemist,Paulo Coelho,"Coelho, Paulo",Alan R. Clarke,"=""0061122416""","=""9780061122415""",1,3.92,HarperCollins,Paperback,197,1993,1988,,2017/07/22,,,read,,,,1,0
5128,The Doors of Perception & Heaven and Hell,Aldous Huxley,"Huxley, Aldous",,"=""0060595183""","=""9780060595180""",0,3.90,Harper Perennial Modern Classics,Paperback,187,2004,1956,,2021/02/16,,,read,,,,1,0
910248,Heat,Nick    James,"James, Nick",,"=""0851709389""","=""9780851709383""",0,3.84,British Film Institute,Paperback,96,2002,2002,2021/02/12,2021/02/01,,,read,,,,1,0
991197,The Complete Persepolis,Marjane Satrapi,"Satrapi, Marjane",,"=""0375714839""","=""9780375714832""",0,4.40,Pantheon Books,Paperback,341,2007,2007,,2021/02/04,,,read,,,,1,0
341879,Just Kids,Patti Smith,"Smith, Patti",,"=""""","=""""",0,4.21,Ecco,Hardcover,304,2010,2010,2021/02/04,2021/02/01,,,read,,,,1,0
38746140,"Burning Down the Haus: Punk Rock, Revolution, and the Fall of the Berlin Wall",Tim Mohr,"Mohr, Tim",,"=""1616208430""","=""9781616208431""",0,4.04,"Algonquin Books/Workman Publishing Company, Inc.",Hardcover,384,2018,2017,2019/01/01,2021/02/01,,,read,,,,1,0
531989,Drown,Junot Díaz,"Díaz, Junot",,"=""1573226068""","=""9781573226066""",0,4.01,Riverhead Trade,Paperback,208,1997,1995,2020/01/01,2021/02/01,,,read,,,,1,0
29496076,Killers of the Flower Moon: The Osage Murders and the Birth of the FBI,David Grann,"Grann, David",,"=""0385534256""","=""9780385534253""",0,4.14,Doubleday,ebook,359,2017,2017,2020/01/01,2021/02/01,,,read,,,,1,0
10765811,The Vices: A Novel,Lawrence Douglas,"Douglas, Lawrence",,"=""1590514157""","=""9781590514153""",0,3.47,Other Press,Paperback,352,2011,2011,2020/01/01,2021/02/01,,,read,,,,1,0
472331,Watchmen,Alan             Moore,"Moore, Alan","Dave Gibbons, John    Higgins","=""0930289234""","=""9780930289232""",0,4.39,DC Comics,Paperback,416,2005,1987,2020/01/01,2021/02/01,,,read,,,,1,0
25614595,"Better Living Through Criticism: How to Think About Art, Pleasure, Beauty, and Truth",A.O. Scott,"Scott, A.O.",,"=""1594204837""","=""9781594204838""",0,3.28,Penguin Press,Hardcover,288,2016,2016,2020/01/01,2021/02/01,,,read,,,,1,0
30347685,Devils in Daylight,Jun'ichirō Tanizaki,"Tanizaki, Jun'ichirō","谷崎 潤一郎, J. Keith Vincent","=""0811224910""","=""9780811224918""",0,3.63,New Directions,Hardcover,95,2017,1918,2020/01/01,2021/02/01,,,read,,,,1,0
34473,In Praise of Shadows,Jun'ichirō Tanizaki,"Tanizaki, Jun'ichirō","Edward G. Seidensticker, Thomas J. Harper, Charles Moore","=""""","=""""",0,4.00,Leete's Island Books,Paperback,56,1977,1933,2020/01/01,2021/02/01,,,read,,,,1,0
28962895,"IQ (IQ, #1)",Joe Ide,"Ide, Joe",,"=""0316267724""","=""9780316267724""",0,3.77,"Little, Brown and Company",Hardcover,325,2016,2016,2020/01/01,2021/02/01,,,read,,,,1,0
625094,The Leopard,Giuseppe Tomasi di Lampedusa,"Lampedusa, Giuseppe Tomasi di",Archibald Colquhoun,"=""0679731210""","=""9780679731214""",0,4.01,Pantheon,Paperback,319,1991,1958,2020/01/01,2021/02/01,,,read,,,,1,0
44670525,Swimming in Darkness,Lucas Harari,"Harari, Lucas",David Homel,"=""1551527677""","=""9781551527673""",0,3.61,Arsenal Pulp Press,Hardcover,152,2019,2017,2020/01/01,2021/02/01,,,read,,,,1,0
7331435,A Visit from the Goon Squad,Jennifer Egan,"Egan, Jennifer",,"=""0307592839""","=""9780307592835""",0,3.70,Knopf,Hardcover,274,2010,2010,2020/01/01,2021/02/01,,,read,,,,1,0
22320,"Pattern Recognition (Blue Ant, #1)",William Gibson,"Gibson, William",,"=""0425198685""","=""9780425198681""",0,3.88,Berkley Books,Mass Market Paperback,367,2005,2003,2020/01/01,2021/02/01,,,read,,,,1,0
3805,The Corrections,Jonathan Franzen,"Franzen, Jonathan",,"=""1841156736""","=""9781841156736""",0,3.85,Fourth Estate Paperbacks,Paperback,653,2002,2001,2020/01/01,2021/02/01,,,read,,,,1,0
6356399,Manhood for Amateurs,Michael Chabon,"Chabon, Michael",,"=""0061490180""","=""9780061490187""",0,3.73,HarperCollins,Hardcover,306,2009,2009,2019/01/01,2021/02/01,,,read,,,,1,0
25200,Silence,Shūsaku Endō,"Endō, Shūsaku",William Johnston,"=""0800871863""","=""9780800871864""",0,4.10,Taplinger Publishing Company,Paperback,294,1980,1966,2019/01/01,2021/02/01,,,read,,,,1,0
6149,Beloved,Toni Morrison,"Morrison, Toni",,"=""""","=""9781400033416""",0,3.98,Vintage,Paperback,325,2004,1987,2018/01/01,2021/02/01,,,read,,,,1,0
39927096,"Less (Arthur Less, #1)",Andrew Sean Greer,"Greer, Andrew Sean",,"=""""","=""""",0,3.62,Lee Boudreaux Books,Kindle Edition,273,2017,2017,2020/01/01,2021/02/01,,,read,,,,1,0
68210,"Gilead (Gilead, #1)",Marilynne Robinson,"Robinson, Marilynne",,"=""031242440X""","=""9780312424404""",0,3.85,Picador ,Paperback,247,2006,2004,,2021/02/01,,,read,,,,1,0
44436221,Interior Chinatown,Charles Yu,"Yu, Charles",,"=""""","=""""",0,3.93,Pantheon,Hardcover,288,2020,2020,2020/01/01,2021/02/01,,,read,,,,1,0
2195464,What I Talk About When I Talk About Running,Haruki Murakami,"Murakami, Haruki",Philip Gabriel,"=""""","=""""",0,3.87,Knopf Publishing Group,Hardcover,188,2008,2007,2020/01/01,2021/02/01,,,read,,,,1,0
53122391,A Children's Bible,Lydia Millet,"Millet, Lydia",,"=""1324005033""","=""9781324005032""",0,3.70,W. W. Norton  Company,Hardcover,224,2020,2020,2020/01/01,2021/02/01,,,read,,,,1,0
54911607,The Guest List,Lucy Foley,"Foley, Lucy",,"=""0062868934""","=""9780062868930""",0,3.79,William Morrow,Hardcover,313,2020,2020,2020/01/01,2021/02/01,,,read,,,,1,0
11297,Norwegian Wood,Haruki Murakami,"Murakami, Haruki",Jay Rubin,"=""""","=""""",0,3.99,Vintage Books,Paperback,296,2000,1987,,2018/11/01,,,read,,,,1,0
139069,Endurance: Shackleton's Incredible Voyage,Alfred Lansing,"Lansing, Alfred",,"=""""","=""""",0,4.46,Carroll & Graf Publishers,Hardcover,282,1999,1959,2021/01/26,2021/02/01,,,read,,,,1,0
17061,Coraline,Neil Gaiman,"Gaiman, Neil",Dave McKean,"=""0061139378""","=""9780061139376""",0,4.13,William Morrow Paperbacks,Paperback,208,2006,2002,2021/01/20,2021/02/01,,,read,,,,1,0
31920820,Priestdaddy,Patricia Lockwood,"Lockwood, Patricia",,"=""1594633738""","=""9781594633737""",0,3.85,Riverhead Books,Hardcover,336,2017,2017,2021/01/14,2021/02/01,,,read,,,,1,0
7624,Lord of the Flies,William Golding,"Golding, William",,"=""0140283331""","=""9780140283334""",0,3.70,Penguin Books ,Paperback,182,1999,1954,2021/01/04,2021/02/01,,,read,,,,1,0
13562049,Sweet Tooth,Ian McEwan,"McEwan, Ian",,"=""""","=""""",0,3.44,Jonathan Cape,Hardcover,320,2012,2012,2018/12/04,2018/11/19,,,read,,,,1,0
17799,"South of the Border, West of the Sun",Haruki Murakami,"Murakami, Haruki",Philip Gabriel,"=""0099448572""","=""9780099448570""",3,3.85,Vintage,Paperback,190,2006,1992,,2018/11/19,,,read,,,,1,0
21704,"The Black Dahlia (L.A. Quartet, #1)",James Ellroy,"Ellroy, James",,"=""0446698873""","=""9780446698870""",0,3.79,Mysterious Press,Paperback,348,2006,1987,,2018/11/19,to-read,to-read (#3),to-read,,,,0,0
4929,Kafka on the Shore,Haruki Murakami,"Murakami, Haruki",Philip Gabriel,"=""""","=""""",0,4.12,Vintage International,Paperback,467,2006,2002,,2018/11/01,,,read,,,,1,0
10147,"The Complete Sherlock Holmes, Volume I",Arthur Conan Doyle,"Doyle, Arthur Conan",Kyle Freeman,"=""1593080344""","=""9781593080341""",4,4.49,Barnes & Noble Classics,Paperback,709,2003,1927,,2018/01/25,,,read,,,,1,0
18143977,All the Light We Cannot See,Anthony Doerr,"Doerr, Anthony",,"=""1476746583""","=""9781476746586""",4,4.31,Scribner,Hardcover,531,2014,2014,,2017/07/22,,,read,,,,1,0
23168277,"The Sympathizer (The Sympathizer, #1)",Viet Thanh Nguyen,"Nguyen, Viet Thanh",,"=""0802123457""","=""9780802123459""",5,4.01,Grove Press,Hardcover,384,2015,2015,,2017/08/02,,,read,,,,1,0
24583,The Adventures of Tom Sawyer,Mark Twain,"Twain, Mark","Guy Cardwell, John Seelye, Mark Hallaq, Amanda Lee","=""""","=""9780143039563""",4,3.92,Penguin Classics,Paperback,244,2006,1876,,2017/07/22,,,read,,,,1,0
332613,One Flew Over the Cuckoo’s Nest,Ken Kesey,"Kesey, Ken",,"=""""","=""""",3,4.20,Signet,Mass Market Paperback,325,1963,1962,,2017/07/22,,,read,,,,1,0
49552,The Stranger,Albert Camus,"Camus, Albert",Matthew  Ward,"=""""","=""""",4,4.03,Vintage International,Paperback,123,1989,1942,,2017/07/22,,,read,,,,1,0
41865,"Twilight (The Twilight Saga, #1)",Stephenie Meyer,"Meyer, Stephenie",,"=""0316015849""","=""9780316015844""",2,3.68,"Little, Brown and Company",Paperback,498,2006,2005,,2017/07/22,,,read,,,,1,0
2187,Middlesex,Jeffrey Eugenides,"Eugenides, Jeffrey",,"=""0312422156""","=""9780312422158""",0,4.04,Picador USA,Paperback,529,2002,2002,,2017/07/22,to-read,to-read (#2),to-read,,,,0,0
168668,Catch-22,Joseph Heller,"Heller, Joseph",,"=""0684833395""","=""9780684833392""",3,3.99,Simon & Schuster ,Paperback,453,2004,1961,,2017/07/22,,,read,,,,1,0
11870085,The Fault in Our Stars,John Green,"Green, John",,"=""""","=""""",1,4.12,Dutton Books,Hardcover,313,2012,2012,,2017/07/22,,,read,,,,1,0
1821571,Snakehead (Alex Rider #7),Anthony Horowitz,"Horowitz, Anthony",,"=""1406309354""","=""9781406309355""",5,4.15,Walker Books,Hardcover,416,2007,2007,,2017/07/22,,,read,,,,1,0
37586,"The Lost Colony (Artemis Fowl, #5)",Eoin Colfer,"Colfer, Eoin",,"=""""","=""""",4,4.01,Miramax Books/Hyperion Books for Children,Hardcover,385,2006,2006,,2017/07/22,,,read,,,,1,0
2767052,"The Hunger Games (The Hunger Games, #1)",Suzanne Collins,"Collins, Suzanne",,"=""0439023483""","=""9780439023481""",2,4.35,Scholastic Press,Hardcover,374,2008,2008,,2017/07/22,,,read,,,,1,0
960,"Angels & Demons (Robert Langdon, #1)",Dan    Brown,"Brown, Dan",,"=""1416524797""","=""9781416524793""",4,3.96,Pocket Books,Paperback,736,2006,2000,,2017/07/22,,,read,,,,1,0
16160797,"The Cuckoo's Calling (Cormoran Strike, #1)",Robert Galbraith,"Galbraith, Robert",,"=""0316206849""","=""9780316206846""",4,3.89,Mulholland Books,Hardcover,456,2013,2013,,2017/07/22,,,read,,,,1,0
22557272,The Girl on the Train,Paula Hawkins,"Hawkins, Paula",,"=""1594633665""","=""9781594633669""",3,3.96,Riverhead Books,Hardcover,336,2015,2015,,2017/07/22,,,read,,,,1,0
19288043,Gone Girl,Gillian Flynn,"Flynn, Gillian",,"=""0307588378""","=""9780307588371""",4,4.15,Ballantine Books,Paperback,415,2014,2012,,2017/07/22,,,read,,,,1,0
2429135,"The Girl With the Dragon Tattoo (Millennium, #1)",Stieg Larsson,"Larsson, Stieg",Reg Keeland,"=""0670069019""","=""9780670069019""",5,4.18,Viking Canada,Hardcover,480,2008,2005,,2017/07/22,,,read,,,,1,0
1420,Hamlet,William Shakespeare,"Shakespeare, William","Harold Bloom, Rex Gibson, Israel Gollancz, Henry Norman Hudson, L.A. Sherman, Max J. Herzberg","=""0521618746""","=""9780521618748""",3,4.03,Cambridge University Press,Paperback,289,2005,1601,,2017/07/22,,,read,,,,1,0
890,Of Mice and Men,John Steinbeck,"Steinbeck, John",,"=""0142000671""","=""9780142000670""",4,3.90,Penguin Books,Paperback,107,2002,1937,,2017/07/22,,,read,,,,1,0
4381,Fahrenheit 451,Ray Bradbury,"Bradbury, Ray",,"=""0307347974""","=""9780307347978""",0,3.97,DeBolsillo,Mass Market Paperback,158,2004,1953,,2017/07/22,to-read,to-read (#1),to-read,,,,0,0
7613,Animal Farm,George Orwell,"Orwell, George","Ann Patchett, Téa Obreht","=""""","=""""",5,4.02,Plume,Paperback,129,2003,1945,,2017/07/22,,,read,,,,1,0
5107,The Catcher in the Rye,J.D. Salinger,"Salinger, J.D.",,"=""0316769177""","=""9780316769174""",4,3.80,Back Bay Books,Paperback,277,2001,1951,,2017/07/22,,,read,,,,1,0
12220,A Streetcar Named Desire,Tennessee Williams,"Williams, Tennessee",,"=""0822210894""","=""9780822210894""",3,3.98,Dramatist's Play Service,Paperback,107,1998,1947,,2017/07/22,,,read,,,,1,0
227463,A Clockwork Orange,Anthony Burgess,"Burgess, Anthony",,"=""""","=""""",5,4.00,W. W. Norton & Company,Paperback,192,1986,1962,,2017/07/22,,,read,,,,1,0
5470,1984,George Orwell,"Orwell, George",,"=""""","=""""",4,4.20,New American Library,Mass Market Paperback,328,1950,1948,,2017/07/22,,,read,,,,1,0
4671,The Great Gatsby,F. Scott Fitzgerald,"Fitzgerald, F. Scott",,"=""0743273567""","=""9780743273565""",4,3.93,Scribner,Paperback,180,1925,1925,,2017/07/22,,,read,,,,1,0
